z_nm,n_atoms,Ge_frac,z_std_pm
-50.203894677836914,2663,0.29102515959444236,8.103802737802312
-50.066368674490896,2736,0.3044590643274854,7.873077192128524
-49.92925843312383,2664,0.28866366366366364,7.559265164192973
-49.79179921597673,2736,0.2982456140350877,7.588323102913408
-49.65464290519456,2665,0.30619136960600374,7.37697132807943
-49.517202233030275,2736,0.28252923976608185,7.506146116831031
-49.380195205488256,2664,0.29992492492492495,7.3388640254887765
-49.24266677902699,2736,0.29751461988304095,7.481652235723018
-49.105649098130584,2665,0.28630393996247655,7.329787711332409
-48.9681320208443,2736,0.31067251461988304,7.428260742174539
-48.83090667420887,2664,0.31156156156156156,7.198761731186908
-48.69334622045056,2736,0.29714912280701755,7.334978735789583
-48.55623066420173,2665,0.29906191369606006,7.272110133579947
-48.418710910427336,2736,0.30116959064327486,7.387451808345972
-48.28159219688995,2664,0.29654654654654655,7.250437301032245
-48.14409641996123,2736,0.2982456140350877,7.432865276332097
-48.00693586786603,2665,0.30318949343339585,7.218112902237246
-47.869537992100355,2736,0.2766812865497076,7.273561099916473
-47.73247357022519,2664,0.3044294294294294,7.166060702968527
-47.59487067532245,2736,0.3117690058479532,7.303160019182942
-47.457697008357954,2665,0.2968105065666041,7.242238518348078
-47.320189796184366,2736,0.29678362573099415,7.336545266019047
-47.183076745974375,2664,0.29954954954954954,7.194807990118231
-47.04562331432881,2736,0.28691520467836257,7.333744393825192
-46.90846923089712,2665,0.31106941838649155,7.2540376321217686
-46.77092126449877,2736,0.2942251461988304,7.339809880097934
-46.63377529203974,2664,0.30518018018018017,7.303505127004209
-46.496220027496356,2736,0.2993421052631579,7.36834352559443
-46.359005051347374,2665,0.3106941838649156,7.256224266132135
-46.22131727304614,2736,0.32127192982456143,7.436531538864586
-46.08396766944562,2664,0.31906906906906907,7.367493518839125
-45.946422942044535,2736,0.2821637426900585,7.554456800983837
-45.809293644242025,2665,0.3125703564727955,7.546369366084387
-45.67158115692126,2736,0.3117690058479532,7.752942733788808
-45.53435852219743,2664,0.31006006006006004,7.62324866471312
-45.3967357086248,2736,0.29678362573099415,7.784928437385516
-45.259581005872974,2665,0.3076923076923077,7.598077724118085
-45.121963709279605,2736,0.30007309941520466,7.67461124018776
-44.984782198267766,2664,0.30818318318318316,7.649190210436106
-44.84715913059442,2736,0.2978801169590643,7.8691949642331895
-44.710055735928,2665,0.2915572232645403,7.753014292321719
-44.57246627778108,2736,0.3055555555555556,7.940173849792521
-44.43529343349776,2664,0.2980480480480481,7.786439412274877
-44.29770805167704,2736,0.29385964912280704,8.045329900669856
-44.160533472596015,2665,0.3103189493433396,7.92209877031699
-44.02280501896941,2736,0.31030701754385964,8.040336650897281
-43.885569130967355,2664,0.30818318318318316,7.78200502193666
-43.7478285624263,2736,0.31140350877192985,7.9566092560311095
-43.61067442675996,2665,0.28893058161350843,7.719693434301188
-43.473110445367375,2736,0.29312865497076024,7.877316818329676
-43.33600143279667,2664,0.29767267267267267,7.6831762162445125
-43.198445129468645,2736,0.28289473684210525,7.840099698185243
-43.06135565673788,2665,0.2968105065666041,7.6399124333343575
-42.923630298935244,2736,0.31359649122807015,7.798455531856512
-42.78638569949696,2664,0.30105105105105107,7.55699703229142
-42.64869266321808,2736,0.30043859649122806,7.847545021267657
-42.51157517481787,2665,0.2904315196998124,7.784645840834392
-42.37381581534455,2736,0.31834795321637427,8.049518941509687
-42.236613843774435,2664,0.2916666666666667,7.836152168202732
-42.09894697460493,2736,0.2986111111111111,8.105482669894313
-41.961787726067755,2665,0.2968105065666041,7.966222010911221
-41.824098812208206,2736,0.2982456140350877,8.129499994110207
-41.68691271631689,2664,0.3055555555555556,7.873745401319047
-41.549152097022905,2736,0.2942251461988304,8.14460066195739
-41.412063810347675,2665,0.2934333958724203,7.870353779801516
-41.2742426979563,2736,0.31542397660818716,8.097836845828663
-41.137036332232036,2664,0.29542042042042044,7.8469641173232425
-40.99930286268348,2736,0.28983918128654973,8.055398398915216
-40.86213539043912,2665,0.31144465290806755,7.734805497970509
-40.72424211572993,2736,0.3044590643274854,8.072646296692222
-40.58708963843483,2664,0.29204204204204204,7.862991661901254
-40.449236672900604,2736,0.3077485380116959,8.155697647313675
-40.31199808186411,2665,0.30131332082551593,7.838954770786373
-40.174149643138165,2736,0.29385964912280704,8.1020773171671
-40.037056913498205,2664,0.2894144144144144,7.691862933301638
-39.89922704523668,2736,0.29641812865497075,8.005005859979768
-39.762072239496064,2665,0.29380863039399624,7.659304506755045
-39.6241764301319,2736,0.30043859649122806,8.080903355449735
-39.4869495761137,2664,0.3003003003003003,7.703367721216183
-39.34899062135105,2736,0.29751461988304095,8.0606504101666
-39.21174529578044,2665,0.3024390243902439,7.724458841569576
-39.07378329216982,2736,0.2847222222222222,8.169149144481842
-38.93675664827971,2664,0.2789039039039039,7.554087023549016
-38.79893213311589,2736,0.26973684210526316,7.81598301030624
-38.66205272209334,2665,0.2525328330206379,7.051086573470749
-38.52440775141478,2736,0.2452485380116959,7.25441913082089
-38.38778044159806,2664,0.2120870870870871,6.198123133369616
-38.25057133235915,2736,0.1875,6.203580910166797
-38.11435465938541,2665,0.16210131332082553,5.097681448422181
-37.97769085924353,2736,0.11805555555555555,5.048101362191818
-37.842087778799524,2664,0.08183183183183183,4.03187969418068
-37.70603515811064,2736,0.06798245614035088,4.12402724505897
-37.57068067677643,2665,0.05103189493433396,3.4487150467710825
-37.43498510187828,2736,0.029239766081871343,3.5780327310133977
-37.29988632611494,2664,0.016891891891891893,3.096873136215182
-37.16446441103836,2736,0.008406432748538011,3.1699701764154904
-37.02943861817227,2665,0.00300187617260788,2.739142028495354
-36.894160877360896,2736,0.0021929824561403508,2.6681530029073413
-36.759090017035895,2664,0.00037537537537537537,2.3845377185482404
-36.62388515881253,2736,0.0,2.3512877501205094
-36.48875399482419,2665,0.0,2.2443717547355653
-36.35362420029959,2736,0.0,2.3365340425289696
-36.21841922243922,2664,0.0015015015015015015,2.3838102521775273
-36.083349181570085,2736,0.001827485380116959,2.6575727516003766
-35.94806064459296,2665,0.00675422138836773,2.7357504187500172
-35.81301355168905,2736,0.010964912280701754,3.153256887609967
-35.677526472301246,2664,0.03190690690690691,3.1120644066228844
-35.54222252914778,2736,0.06140350877192982,3.535298925430585
-35.406262987163615,2665,0.07692307692307693,3.3572511427955343
-35.27057209722165,2736,0.1253654970760234,4.016373880063764
-35.13385382737886,2664,0.16816816816816818,3.7769459808535855
-34.99750078054243,2736,0.1966374269005848,4.601315362041858
-34.86017460001477,2665,0.22814258911819887,4.458945723614125
-34.72346741341177,2736,0.23062865497076024,5.461573224784258
-34.58586905103236,2664,0.2518768768768769,5.3214962123503335
-34.44901203020053,2736,0.2565789473684211,6.209400717714047
-34.311303692735194,2665,0.25966228893058163,6.015773184628952
-34.17437534505496,2736,0.2719298245614035,6.802172381111961
-34.03647389671369,2664,0.2875375375375375,6.3801928476217205
-33.899382995566015,2736,0.28983918128654973,7.021631665319712
-33.761390370181864,2665,0.30093808630394,6.69991383698138
-33.624168167465406,2736,0.3081140350877193,7.303115311194006
-33.486150304865326,2664,0.2957957957957958,6.812213598685634
-33.3490724544559,2736,0.2887426900584795,7.307453995232643
-33.2110933455529,2665,0.31444652908067544,6.918806917264836
-33.07391678271518,2736,0.2902046783625731,7.361749252021989
-32.936056211382606,2664,0.29354354354354356,7.051570530186538
-32.79891858885786,2736,0.31103801169590645,7.527640388031699
-32.66101920905815,2665,0.2881801125703565,7.117414703061688
-32.523958684336584,2736,0.3029970760233918,7.333744967394791
-32.386068029127465,2664,0.3014264264264264,6.850059441904686
-32.24891630059016,2736,0.3019005847953216,7.18563021595991
-32.11106990550391,2665,0.3054409005628518,6.875896420127835
-31.973889629360254,2736,0.30007309941520466,7.258022671385487
-31.836081352292695,2664,0.29842342342342343,6.9250694394235675
-31.698938575129826,2736,0.2993421052631579,7.138499384356495
-31.561239189351326,2665,0.28893058161350843,6.857159352344336
-31.424167412131393,2736,0.2953216374269006,6.972007176678375
-31.286385098049998,2664,0.3126876876876877,6.695398414775666
-31.149127922949596,2736,0.30957602339181284,6.904755654523254
-31.01149175958229,2665,0.27654784240150093,6.60837068112065
-30.874511500290915,2736,0.2858187134502924,6.678923987622718
-30.736825130941604,2664,0.3119369369369369,6.401013667125257
-30.59954768936439,2736,0.3128654970760234,6.637185072715974
-30.46175917852508,2665,0.3054409005628518,6.399248635203258
-30.324621265877262,2736,0.2953216374269006,6.564231748192218
-30.1869638921121,2664,0.2991741741741742,6.247625488731097
-30.04986861676052,2736,0.28764619883040937,6.316469370919915
-29.91227666425397,2665,0.299812382739212,6.072772803035252
-29.775161076065437,2736,0.2916666666666667,6.2326527650108785
-29.637630516394076,2664,0.28903903903903905,5.897172845272059
-29.5004700818228,2736,0.3044590643274854,5.911569144333454
-29.362820788560384,2665,0.3099437148217636,5.673725849823702
-29.225500008148916,2736,0.31761695906432746,5.742899733123879
-29.08780249755425,2664,0.30818318318318316,5.628688390634804
-28.950507297262288,2736,0.3168859649122807,5.714112752871289
-28.812824850711547,2665,0.3076923076923077,5.5669236622394385
-28.675618134345914,2736,0.2953216374269006,5.688707196862349
-28.53801284221284,2664,0.3186936936936937,5.485636830124659
-28.40060486337288,2736,0.32456140350877194,5.542116309254434
-28.26298411286295,2665,0.2930581613508443,5.392206822579605
-28.12584066244345,2736,0.295687134502924,5.435789131178252
-27.98832733723222,2664,0.29767267267267267,5.266105100423251
-27.85106560288407,2736,0.31761695906432746,5.338583557467434
-27.713502607536483,2665,0.2915572232645403,5.113228814020499
-27.576347005875288,2736,0.2945906432748538,5.08685641875415
-27.43880874099907,2664,0.31493993993993996,4.776594117824033
-27.30144181219993,2736,0.3132309941520468,4.746833019343345
-27.163848157976123,2665,0.3069418386491557,4.645618530866386
-27.02660670973503,2736,0.29605263157894735,4.7256045794563954
-26.889142600211386,2664,0.29992492492492495,4.487158411896333
-26.751911792930375,2736,0.3019005847953216,4.536542190959836
-26.61442989863305,2665,0.299437148217636,4.3662622170763115
-26.47717532633911,2736,0.3019005847953216,4.403839158559967
-26.33965120143955,2664,0.31043543543543545,4.134845679752732
-26.202353261889694,2736,0.30080409356725146,4.063632056766084
-26.06490750529943,2665,0.30093808630394,3.8868798537197176
-25.92768946110932,2736,0.28983918128654973,3.7893207610623105
-25.79026795328113,2664,0.3089339339339339,3.60243620198255
-25.652918605287052,2736,0.31067251461988304,3.685604615217713
-25.515388050666946,2665,0.3099437148217636,3.582527598099381
-25.378130984779023,2736,0.29203216374269003,3.5490028534133624
-25.240681544839074,2664,0.3153153153153153,3.37907847076112
-25.103310722702876,2736,0.3044590643274854,3.464285521111113
-24.96578802939931,2665,0.31632270168855536,3.3640131209115762
-24.828404517210302,2736,0.3055555555555556,3.384459415897998
-24.690963155067024,2664,0.30105105105105107,3.2686912951442384
-24.553734249554253,2736,0.2905701754385965,3.288886449712607
-24.416394867185016,2665,0.29606003752345217,3.1466887453120695
-24.279116315262826,2736,0.3033625730994152,3.1045120285600643
-24.141745076917587,2664,0.28866366366366364,2.981330020896971
-24.0044903245454,2736,0.3117690058479532,3.0851463261700065
-23.867063027689415,2665,0.29118198874296436,3.0991739194222965
-23.729817430125266,2736,0.3051900584795322,3.1631732828363623
-23.592358558245582,2664,0.30593093093093093,3.035833677344321
-23.455086336925476,2736,0.2887426900584795,3.0569112188537777
-23.31779847678441,2665,0.2945590994371482,2.929131428247572
-23.180480844263293,2736,0.30372807017543857,2.993066276043243
-23.043131368782348,2664,0.2912912912912913,2.9903747585237936
-22.905856080817546,2736,0.3048245614035088,2.9732872531811934
-22.768469672825116,2665,0.2975609756097561,2.8952895920053145
-22.631176973128706,2736,0.3019005847953216,2.938033785127301
-22.493801523077302,2664,0.30105105105105107,2.760202400336769
-22.356477725848443,2736,0.30153508771929827,2.807148794404813
-22.219089164433015,2665,0.3054409005628518,2.754135928281609
-22.081669812608062,2736,0.3117690058479532,2.7186046353004625
-21.944373063267147,2664,0.2759009009009009,2.6582277586444123
-21.80721765941914,2736,0.2883771929824561,2.637111216773527
-21.669884766876066,2665,0.3043151969981238,2.572479404297376
-21.532544650177886,2736,0.30116959064327486,2.636550603833422
-21.395157722557542,2664,0.30180180180180183,2.537710578795622
-21.2578700836095,2736,0.29349415204678364,2.592438727168371
-21.120586311501846,2665,0.2881801125703565,2.540056848554821
-20.9833620296997,2736,0.2916666666666667,2.5958557671438074
-20.846038465234408,2664,0.30405405405405406,2.520860531723657
-20.708596973298338,2736,0.31505847953216376,2.58477840682213
-20.571206060863037,2665,0.29606003752345217,2.575009563023712
-20.433890278709693,2736,0.30153508771929827,2.5383179690351647
-20.29650356918697,2664,0.3044294294294294,2.482495258971672
-20.159222492570372,2736,0.285453216374269,2.6395801020043943
-20.022025912782755,2665,0.2840525328330206,2.5285428312483957
-19.88475252993463,2736,0.30080409356725146,2.450163289093251
-19.7474078741234,2664,0.29429429429429427,2.3922896822385114
-19.610099284167607,2736,0.3055555555555556,2.513371525032192
-19.472691956522223,2665,0.3069418386491557,2.3966013222357394
-19.33542679546615,2736,0.2803362573099415,2.586466689565779
-19.198164506185634,2664,0.30067567567567566,2.493122265267271
-19.06088397883481,2736,0.2891081871345029,2.555926843458165
-18.923617449034577,2665,0.2870544090056285,2.4851185669831417
-18.786384694770135,2736,0.29714912280701755,2.512702465448243
-18.64907027150992,2664,0.29204204204204204,2.4101000663440377
-18.511856745686686,2736,0.2880116959064328,2.4970324244797553
-18.374516613326218,2665,0.31144465290806755,2.379185977317367
-18.23711600480301,2736,0.3033625730994152,2.387158578987277
-18.09977984921704,2664,0.29542042042042044,2.3670895112385475
-17.96250683681399,2736,0.2913011695906433,2.5150561650464947
-17.825130107365705,2665,0.31894934333958724,2.440145717084117
-17.68772723724809,2736,0.2913011695906433,2.4703338825988026
-17.550433895874416,2664,0.3021771771771772,2.350332468995039
-17.41311800332933,2736,0.2905701754385965,2.4451996066639574
-17.275781228584005,2665,0.30844277673545967,2.378536242284129
-17.138388715221474,2736,0.3019005847953216,2.4401582498114043
-17.000956341647417,2664,0.3160660660660661,2.3198700752708983
-16.863542584699587,2736,0.2989766081871345,2.392002452777563
-16.726189265496586,2665,0.30131332082551593,2.3887922490047964
-16.588872553119003,2736,0.2945906432748538,2.4646581703903707
-16.451563854800384,2664,0.29542042042042044,2.411716051271819
-16.31421571145791,2736,0.3059210526315789,2.4751715504976946
-16.176804432632856,2665,0.30318949343339585,2.401381588821611
-16.039497055293104,2736,0.2909356725146199,2.54967630908519
-15.902161940296674,2664,0.3063063063063063,2.4326057523375013
-15.764788027516538,2736,0.3026315789473684,2.4065446713285596
-15.627456796861573,2665,0.2885553470919325,2.3350964363861917
-15.490158730101479,2736,0.3059210526315789,2.476591228941265
-15.35275986766897,2664,0.3044294294294294,2.366316336498362
-15.215369963330307,2736,0.31030701754385964,2.4639876143471224
-15.077876450376438,2665,0.31557223264540335,2.354769723329355
-14.94053960664783,2736,0.2880116959064328,2.522184245729194
-14.803290897276575,2664,0.2927927927927928,2.3637664851221776
-14.665999742866783,2736,0.30153508771929827,2.457716971186581
-14.528573368146386,2665,0.3099437148217636,2.344055604735221
-14.391215176848002,2736,0.30043859649122806,2.4378642648742455
-14.253810064848178,2664,0.3130630630630631,2.4446034649090356
-14.116383256558155,2736,0.30994152046783624,2.5799150949585696
-13.978992725367057,2665,0.300187617260788,2.570561321597838
-13.841675826814251,2736,0.30007309941520466,2.6178135951269983
-13.70429632156536,2664,0.31006006006006004,2.540182491208188
-13.56686222876112,2736,0.31067251461988304,2.586721662519243
-13.429499941108599,2665,0.29568480300187616,2.480869912194876
-13.292211193272397,2736,0.29641812865497075,2.5675823915780365
-13.154883636838836,2664,0.3014264264264264,2.4942585624436138
-13.017566915162911,2736,0.29349415204678364,2.620093552581376
-12.880318896279313,2665,0.2881801125703565,2.495197669075877
-12.742994855663031,2736,0.3088450292397661,2.520194937681802
-12.605529253266427,2664,0.3153153153153153,2.4048521743759474
-12.468159906815792,2736,0.29276315789473684,2.514785144478345
-12.330898683613063,2665,0.2930581613508443,2.4689019433682127
-12.193628074752578,2736,0.2916666666666667,2.593577921087607
-12.056326264296635,2664,0.30067567567567566,2.5619492651430367
-11.918977650191575,2736,0.30043859649122806,2.6267554690414667
-11.78166114104813,2665,0.300187617260788,2.477832836966484
-11.644274782924128,2736,0.30738304093567254,2.5257211764054803
-11.506871971119537,2664,0.3003003003003003,2.4653328614911945
-11.369524526691807,2736,0.3051900584795322,2.4905888796182274
-11.232143911241906,2665,0.29831144465290804,2.397474333376029
-11.094803348421095,2736,0.3081140350877193,2.4790490450555698
-10.95741536226425,2664,0.29767267267267267,2.411518903313963
-10.820086614330236,2736,0.3019005847953216,2.504110739229488
-10.682721471303688,2665,0.30131332082551593,2.434290103144996
-10.545419070227926,2736,0.29385964912280704,2.45986467755723
-10.408075943607336,2664,0.3066816816816817,2.4011143564691113
-10.27074352050052,2736,0.29751461988304095,2.5136525661645983
-10.13340824975504,2665,0.30168855534709194,2.4202787122427014
-9.995988136374748,2736,0.3161549707602339,2.433103386871972
-9.858564766232341,2664,0.29842342342342343,2.4051595387564255
-9.721259702037806,2736,0.30007309941520466,2.540127139386439
-9.58389555310574,2665,0.3091932457786116,2.517988578353752
-9.44657035762878,2736,0.28728070175438597,2.622603069651888
-9.309316014349564,2664,0.30405405405405406,2.454720492241377
-9.171857013053069,2736,0.3201754385964912,2.4989317575138728
-9.034395838793506,2665,0.31144465290806755,2.3863396303585556
-8.89699147243953,2736,0.30153508771929827,2.4705262393401477
-8.759675267748447,2664,0.29767267267267267,2.3900734623980573
-8.622379793423155,2736,0.28728070175438597,2.5112920903326974
-8.48514668391458,2665,0.29568480300187616,2.40248450494828
-8.34779221417688,2736,0.3088450292397661,2.42723527712819
-8.210399758312608,2664,0.3033033033033033,2.2968573724492556
-8.07302687708945,2736,0.30080409356725146,2.367681245663374
-7.93566526795937,2665,0.3050656660412758,2.3613836952651823
-7.79815178786172,2736,0.32858187134502925,2.4518280580041587
-7.660681712959833,2664,0.29992492492492495,2.4477896604204923
-7.5232315370667795,2736,0.3190789473684211,2.432234242379385
-7.3858874986467775,2665,0.28442776735459663,2.3965275140543216
-7.248668109557527,2736,0.28764619883040937,2.600187805673966
-7.111377675776931,2664,0.3063063063063063,2.543420120374384
-6.9739449452903175,2736,0.3092105263157895,2.6266091531133
-6.8365958601132295,2665,0.2979362101313321,2.570552228897175
-6.699256549801417,2736,0.302266081871345,2.5984500926339003
-6.5619144150570605,2664,0.30067567567567566,2.4978516004096054
-6.424542588328086,2736,0.30007309941520466,2.6033805673976547
-6.2872148046926934,2665,0.300187617260788,2.587003450119761
-6.149821499853594,2736,0.3044590643274854,2.7305623080826997
-6.012553525922823,2664,0.28716216216216217,2.640639481203413
-5.8752729387189495,2736,0.29385964912280704,2.7421076593648346
-5.73798606347961,2665,0.2979362101313321,2.6713171268274922
-5.600707567287603,2736,0.28399122807017546,2.8755278326676184
-5.463445838839586,2664,0.3033033033033033,2.8567267474519373
-5.326062872030316,2736,0.2997076023391813,3.0318457387590865
-5.188745876593544,2665,0.2949343339587242,3.01482475234402
-5.051409996302942,2736,0.2978801169590643,3.4271043236070735
-4.91397311887903,2664,0.3096846846846847,3.98603021529893
-4.776561624814609,2592,0.29128086419753085,4.851291455689554
