# K (1/m), E_band_0..N (J)
0.000000000000000000e+00 4.307750424576321924e-20 4.307750424576321924e-20 7.563973824348795846e-20 7.563973824348824735e-20 1.723236232004865447e-19 1.723236232004868577e-19 2.078345804320338129e-19 2.078345804320345833e-19 2.513166092409376228e-19 2.513166092409385376e-19 3.877791846496731983e-19 3.877791846496740168e-19 4.238019440136913511e-19 4.238019440136925548e-19 6.895122653570023962e-19 6.895122653570030703e-19 7.257111299887109878e-19 7.257111299887131063e-19 9.361741554095033980e-19 9.361741554095064794e-19
1.954889125171559751e+08 4.469105664890217442e-20 4.469105664890249942e-20 7.713257626661702124e-20 7.713257626662307588e-20 1.688052736773834178e-19 1.688052736773842844e-19 2.027390884111744212e-19 2.027390884111807767e-19 2.631803426033948523e-19 2.631803426034001967e-19 3.866690914962140415e-19 3.866690914962173638e-19 4.226889549732273837e-19 4.226889549732463060e-19 6.889315814229750182e-19 6.889315814229775219e-19 7.251458259377176923e-19 7.251458259377318479e-19 9.396260183013989076e-19 9.396260183013989076e-19
3.909778250343119502e+08 4.915015711004764200e-20 4.915015711004921284e-20 8.180576168807676606e-20 8.180576168808168922e-20 1.582413893848387670e-19 1.582413893848472652e-19 1.983086785105154594e-19 1.983086785105275927e-19 2.878258957117055707e-19 2.878258957117201115e-19 3.826902229197286577e-19 3.826902229197343392e-19 4.205711797163275585e-19 4.205711797163310252e-19 6.868818702568795997e-19 6.868818702568819108e-19 7.240626860100831451e-19 7.240626860100889229e-19 9.482072941509850671e-19 9.482072941509954671e-19
5.864667375514678955e+08 5.544546927292039398e-20 5.544546927292334306e-20 8.993606072099306816e-20 8.993606072100499688e-20 1.446344310998720511e-19 1.446344310998913104e-19 1.987607319854413347e-19 1.987607319854574644e-19 3.168253578227441739e-19 3.168253578227687777e-19 3.749352833628531340e-19 3.749352833628574673e-19 4.198979177234648864e-19 4.198979177234722531e-19 6.828739953482727317e-19 6.828739953482735021e-19 7.238876489445069370e-19 7.238876489445136778e-19 9.568844543142927435e-19 9.568844543143048768e-19
7.819556500686239004e+08 6.247433482840896000e-20 6.247433482841441279e-20 1.002442543374073592e-19 1.002442543374277741e-19 1.335098727469028710e-19 1.335098727469279562e-19 2.021628425577477068e-19 2.021628425577536290e-19 3.470715436471823544e-19 3.470715436471900100e-19 3.643707090319523633e-19 3.643707090319551559e-19 4.219016581129850698e-19 4.219016581129861772e-19 6.774198941450337092e-19 6.774198941450389092e-19 7.257599640383990771e-19 7.257599640384129438e-19 9.596117698210207212e-19 9.596117698210299656e-19
9.774445625857799053e+08 6.955866459509650341e-20 6.955866459510716825e-20 1.049796238924325115e-19 1.049796238924329809e-19 1.335311228759006013e-19 1.335311228759081125e-19 2.075427224225481520e-19 2.075427224225649557e-19 3.536743156832414501e-19 3.536743156832561353e-19 3.761265795005714046e-19 3.761265795006140158e-19 4.264216363222515556e-19 4.264216363222594519e-19 6.728081562308358505e-19 6.728081562308439394e-19 7.299226951326290435e-19 7.299226951326417547e-19 9.536902978097480496e-19 9.536902978097584496e-19
1.172933475102935791e+09 7.594268399375446340e-20 7.594268399376334675e-20 1.012316182442007626e-19 1.012316182442119931e-19 1.465508018187497153e-19 1.465508018187590320e-19 2.146222523547420918e-19 2.146222523547454381e-19 3.467835316639640091e-19 3.467835316639771535e-19 4.003889357472788173e-19 4.003889357472986062e-19 4.331573026751002951e-19 4.331573026751168581e-19 6.727741316173244705e-19 6.727741316173350631e-19 7.361685146416399752e-19 7.361685146416471974e-19 9.404243511999450233e-19 9.404243511999588900e-19
1.368422387620091915e+09 7.925365313327078826e-20 7.925365313327952717e-20 1.001011830782232543e-19 1.001011830782393118e-19 1.604179559942550563e-19 1.604179559942605693e-19 2.233723654044247517e-19 2.233723654044349110e-19 3.478869002524947167e-19 3.478869002525076686e-19 4.162028647253381788e-19 4.162028647253462677e-19 4.419405520255640943e-19 4.419405520255678499e-19 6.814785628921233448e-19 6.814785628921270041e-19 7.443056212303592234e-19 7.443056212303747271e-19 9.222662486507073532e-19 9.222662486507104347e-19
1.563911300137247801e+09 7.812079168551258703e-20 7.812079168553709449e-20 1.058599986212023941e-19 1.058599986212046209e-19 1.686369637941240700e-19 1.686369637941319663e-19 2.336893187628812951e-19 2.336893187628906841e-19 3.608516816961728310e-19 3.608516816961922829e-19 4.217386908460994905e-19 4.217386908461306906e-19 4.521000322221914477e-19 4.521000322222032922e-19 7.013836665326598776e-19 7.013836665326753814e-19 7.543354611212247746e-19 7.543354611212324783e-19 9.014310455868867372e-19 9.014310455869025298e-19
1.759400212654403687e+09 7.603775303817924231e-20 7.603775303822547666e-20 1.155860087524705399e-19 1.155860087524839251e-19 1.696749616361902199e-19 1.696749616362446515e-19 2.452779655273886340e-19 2.452779655274025970e-19 3.860408758683421417e-19 3.860408758683486417e-19 4.182175752719537470e-19 4.182175752719690100e-19 4.633796146472564184e-19 4.633796146472669147e-19 7.310084133789297306e-19 7.310084133789447529e-19 7.668073455019845373e-19 7.668073455019910855e-19 8.799614041861351004e-19 8.799614041861489671e-19
1.954889125171559811e+09 7.513090853397715668e-20 7.513090853400870582e-20 1.270900884708203368e-19 1.270900884708376702e-19 1.655984910973403414e-19 1.655984910973576748e-19 2.580095784136385561e-19 2.580095784136424079e-19 4.034379561260573605e-19 4.034379561260589975e-19 4.246538552935728325e-19 4.246538552935769251e-19 4.763212411589943689e-19 4.763212411590033245e-19 7.629497871620104073e-19 7.629497871620245629e-19 7.854176405310576227e-19 7.854176405310813117e-19 8.601733272282296266e-19 8.601733272282375229e-19
2.150378037688715935e+09 7.596386236861149968e-20 7.596386236862880898e-20 1.386285073251198476e-19 1.386285073251276235e-19 1.602084225467072879e-19 1.602084225467274380e-19 2.719489432647468231e-19 2.719489432647507712e-19 3.890991532010524970e-19 3.890991532010627526e-19 4.616755738640271611e-19 4.616755738640312055e-19 4.918622163679846745e-19 4.918622163679923782e-19 7.846841816896303351e-19 7.846841816896378462e-19 8.178893926713370624e-19 8.178893926713596921e-19 8.452981004930117618e-19 8.452981004930292877e-19
2.345866950205871582e+09 7.864871880415188835e-20 7.864871880416669394e-20 1.427040498676103539e-19 1.427040498676290354e-19 1.627667181658396018e-19 1.627667181658523610e-19 2.871504053568835412e-19 2.871504053568913894e-19 3.711920291684849478e-19 3.711920291685039183e-19 4.936318442139434493e-19 4.936318442139506715e-19 5.131798795129556558e-19 5.131798795129696188e-19 8.015710845315834478e-19 8.015710845315921145e-19 8.398013081010868231e-19 8.398013081011076231e-19 8.540512596217159104e-19 8.540512596217360364e-19
2.541355862723027706e+09 8.314781596664038922e-20 8.314781596666303094e-20 1.372211604758196603e-19 1.372211604758440474e-19 1.764873687949238166e-19 1.764873687949320981e-19 3.035730372313523840e-19 3.035730372313605210e-19 3.524580482697722804e-19 3.524580482697791174e-19 5.149008666336384172e-19 5.149008666336465061e-19 5.371594999206431657e-19 5.371594999206649287e-19 8.188294131952163138e-19 8.188294131952252694e-19 8.502108399320941239e-19 8.502108399321155017e-19 8.831396277394168065e-19 8.831396277394543622e-19
2.736844775240183830e+09 8.934820644043725738e-20 8.934820644046808430e-20 1.306381974090780515e-19 1.306381974091010183e-19 1.935629712194676004e-19 1.935629712194813708e-19 3.203802475768580742e-19 3.203802475768669816e-19 3.349079920332005414e-19 3.349079920332206674e-19 5.326069050671180080e-19 5.326069050671203191e-19 5.508448967257439752e-19 5.508448967257673753e-19 8.373975353340254187e-19 8.373975353340359150e-19 8.801881608010991835e-19 8.801881608011074650e-19 9.006788929223720905e-19 9.006788929223988610e-19
2.932333687757339478e+09 9.707435954998658476e-20 9.707435955000228109e-20 1.249677669451077369e-19 1.249677669451135387e-19 2.123281511263857303e-19 2.123281511263891489e-19 3.150024409358008324e-19 3.150024409358120990e-19 3.419501841978949779e-19 3.419501841978977223e-19 5.413972284837725479e-19 5.413972284837818886e-19 5.598142954953762869e-19 5.598142954953831239e-19 8.568298396780441225e-19 8.568298396780491299e-19 9.024470560263211709e-19 9.024470560263267561e-19 9.309390138328970895e-19 9.309390138329059488e-19
3.127822600274495602e+09 1.060737252049785254e-19 1.060737252050035505e-19 1.207279952770531591e-19 1.207279952770615851e-19 2.323517754951055325e-19 2.323517754951077473e-19 2.996932479604904113e-19 2.996932479605041817e-19 3.621087027659076617e-19 3.621087027659130543e-19 5.318831959802701003e-19 5.318831959802795373e-19 5.780338897035205890e-19 5.780338897035243445e-19 8.760545746792160413e-19 8.760545746792220117e-19 8.953168528960583191e-19 8.953168528960644821e-19 9.910562038936358443e-19 9.910562038936445110e-19
3.323311512791651726e+09 1.159741123485489262e-19 1.159741123485741559e-19 1.181372617665716107e-19 1.181372617665848514e-19 2.528569004116466185e-19 2.528569004116627963e-19 2.872163621659954028e-19 2.872163621660146139e-19 3.839100046362193324e-19 3.839100046362383991e-19 5.146009804740140838e-19 5.146009804740217875e-19 5.995138820240547025e-19 5.995138820240669322e-19 8.730808288172459978e-19 8.730808288172475386e-19 9.021826630188323076e-19 9.021826630188481003e-19 1.053609083820626912e-18 1.053609083820637890e-18
3.518800425308807373e+09 1.172573383281591372e-19 1.172573383281732687e-19 1.262709513023488239e-19 1.262709513023945407e-19 2.666877186449451635e-19 2.666877186449824784e-19 2.856410465286471736e-19 2.856410465286508810e-19 4.070529942471919452e-19 4.070529942472010934e-19 4.942028853837340906e-19 4.942028853837459350e-19 6.226511574244935936e-19 6.226511574245014899e-19 8.498781848318215256e-19 8.498781848318294219e-19 9.245847280103453096e-19 9.245847280103553244e-19 1.107484014857333673e-18 1.107484014857340607e-18
3.714289337825963497e+09 1.181460467590094268e-19 1.181460467590155898e-19 1.361718319892263596e-19 1.361718319892589079e-19 2.642494813939254986e-19 2.642494813939346949e-19 3.054267942523607752e-19 3.054267942523738233e-19 4.312854751533917617e-19 4.312854751533987432e-19 4.729485024231352556e-19 4.729485024231501815e-19 6.472110817023530691e-19 6.472110817023611580e-19 8.223605185702325023e-19 8.223605185702444431e-19 9.490338930218085103e-19 9.490338930218146733e-19 1.141890480974028204e-18 1.141890480974034945e-18
3.909778250343119621e+09 1.207641392047283252e-19 1.207641392047593568e-19 1.447452382817725871e-19 1.447452382818079038e-19 2.626430566515129588e-19 2.626430566515537885e-19 3.304470241366188181e-19 3.304470241366225255e-19 4.477007866691149326e-19 4.477007866691387178e-19 4.609158931155063488e-19 4.609158931155173266e-19 6.731217708380647021e-19 6.731217708380748132e-19 7.927991516819906775e-19 7.927991516820160034e-19 9.749406440456249444e-19 9.749406440456272555e-19 1.152233938054690565e-18 1.152233938054691721e-18
4.105267162860275269e+09 1.250465646610189718e-19 1.250465646610213792e-19 1.511518526390141517e-19 1.511518526390341332e-19 2.660587997619520742e-19 2.660587997619597780e-19 3.573057643496799765e-19 3.573057643496839247e-19 4.293463738222185730e-19 4.293463738222392286e-19 4.858403584881574684e-19 4.858403584881607425e-19 7.002974777139271687e-19 7.002974777139290946e-19 7.625019341175669542e-19 7.625019341175849616e-19 1.002216318255797813e-18 1.002216318255810909e-18 1.142800075086322991e-18 1.142800075086338206e-18
4.300756075377431870e+09 1.308858953537951021e-19 1.308858953538042262e-19 1.551728723575108734e-19 1.551728723575184327e-19 2.750480018672697256e-19 2.750480018672768034e-19 3.853347858540399657e-19 3.853347858540460323e-19 4.105158182450076988e-19 4.105158182450104914e-19 5.142428214735091002e-19 5.142428214735132410e-19 7.261788329003970244e-19 7.261788329004091578e-19 7.348809852741280505e-19 7.348809852741359468e-19 1.030820154178078372e-18 1.030820154178086461e-18 1.120776993640730219e-18 1.120776993640736575e-18
4.496244987894587517e+09 1.381260353233408106e-19 1.381260353233540755e-19 1.573882985602920365e-19 1.573882985603056143e-19 2.890228844205193123e-19 2.890228844205397272e-19 3.916266534319190106e-19 3.916266534319237773e-19 4.164306359579286290e-19 4.164306359579367179e-19 5.441359221495277563e-19 5.441359221495320896e-19 7.018336370020176879e-19 7.018336370020334805e-19 7.595252792501574062e-19 7.595252792501615469e-19 1.060586409569078241e-18 1.060586409569085367e-18 1.091743460667033463e-18 1.091743460667059848e-18
4.691733900411743164e+09 1.465496957243064758e-19 1.465496957243072221e-19 1.587580497939689321e-19 1.587580497939760581e-19 3.068877302222043355e-19 3.068877302222162281e-19 3.765347607349095846e-19 3.765347607349247994e-19 4.471968368642412233e-19 4.471968368642446900e-19 5.753986257734840240e-19 5.753986257734883573e-19 6.735640689345269762e-19 6.735640689345458503e-19 7.907034006826192478e-19 7.907034006826239663e-19 1.057943962111224562e-18 1.057943962111230532e-18 1.092569293819314550e-18 1.092569293819322061e-18
4.887222812928899765e+09 1.558607741083022168e-19 1.558607741083059964e-19 1.601478604551295042e-19 1.601478604551477524e-19 3.275198195563977231e-19 3.275198195564112046e-19 3.636584550681272721e-19 3.636584550681432573e-19 4.796012387724369219e-19 4.796012387724389442e-19 6.079556943066183597e-19 6.079556943066256783e-19 6.470827084526629332e-19 6.470827084526770887e-19 8.233184385093350439e-19 8.233184385093399550e-19 1.023070835790638928e-18 1.023070835790656839e-18 1.125035263602060030e-18 1.125035263602065423e-18
5.082711725446055412e+09 1.621620599723678684e-19 1.621620599723913888e-19 1.656663297366614462e-19 1.656663297366801518e-19 3.498743232145090009e-19 3.498743232145342787e-19 3.537405545427844407e-19 3.537405545427900259e-19 5.132766063421678480e-19 5.132766063421783443e-19 6.226533803650748948e-19 6.226533803650852948e-19 6.423231374571184696e-19 6.423231374571236697e-19 8.572849046660936980e-19 8.572849046661055425e-19 9.873284381301070966e-19 9.873284381301167262e-19 1.158999188964888573e-18 1.158999188964894544e-18
5.278200637963211060e+09 1.651710129146011270e-19 1.651710129146069529e-19 1.754712670079085005e-19 1.754712670079270135e-19 3.473076104280815360e-19 3.473076104280885175e-19 3.728482559227837973e-19 3.728482559228035863e-19 5.478203098076899406e-19 5.478203098076909036e-19 6.025934792885156449e-19 6.025934792885347116e-19 6.774415443316471189e-19 6.774415443316496226e-19 8.925505963060079107e-19 8.925505963060102218e-19 9.516980276695625327e-19 9.516980276695719698e-19 1.194320893903368610e-18 1.194320893903371114e-18
5.473689550480367661e+09 1.693770062907556888e-19 1.693770062907661610e-19 1.847180364222898098e-19 1.847180364223098636e-19 3.449168767734777453e-19 3.449168767734842453e-19 3.949114868781350167e-19 3.949114868781663130e-19 5.766213487665463852e-19 5.766213487665467704e-19 5.941555691320108427e-19 5.941555691320203761e-19 7.140500665764993316e-19 7.140500665765032798e-19 9.160211572518091524e-19 9.160211572518162783e-19 9.298670033801718037e-19 9.298670033801806630e-19 1.230979236475592955e-18 1.230979236475604318e-18
5.669178462997523308e+09 1.748665633265282009e-19 1.748665633265392269e-19 1.929027243456459926e-19 1.929027243456524926e-19 3.470012899525589149e-19 3.470012899525743705e-19 4.137884163237941976e-19 4.137884163238012753e-19 5.740400169181454646e-19 5.740400169181607758e-19 6.253654253425096236e-19 6.253654253425172311e-19 7.519751310457609671e-19 7.519751310457644338e-19 8.825760106983295610e-19 8.825760106983413091e-19 9.674287829752056827e-19 9.674287829752116531e-19 1.268945051305274219e-18 1.268945051305286160e-18
