# time (s), position (m), speed (m/s), size (m)
3.333333333333333713e-10 0.000000000000000000e+00 1.380169156701361999e+01 5.239813890893253817e-09
3.703703703703704068e-10 5.111737617412451778e-10 1.547949434023875881e+01 5.339796309062894951e-09
4.074074074074074424e-10 1.146629210388056271e-09 2.104186477385199794e+01 5.532900644464356372e-09
4.444444444444445296e-10 2.069830411656209191e-09 3.537440054144562396e+01 5.862495708150493311e-09
4.814814814814815651e-10 3.766955176421066617e-09 2.885275109595070262e+02 6.442570038034359736e-09
5.185185185185186006e-10 2.344223863087895571e-08 3.220054180250029958e+02 7.811699548760734635e-09
5.555555555555556361e-10 2.761920836345832792e-08 7.087638040338543988e+01 6.730228278551040151e-09
5.925925925925926716e-10 2.869234088298158036e-08 3.242479740717305958e+01 6.697302173592907351e-09
6.296296296296297071e-10 3.002104520843410803e-08 3.479277600845864526e+01 6.599381904834597917e-09
6.666666666666667427e-10 3.126958355027481274e-08 3.371053522969902616e+01 6.594005161343481944e-09
