detuning_mV,E1-E0_data_ueV,E1-E0_fit_ueV,residual_pct
-10.0,389.27999999999184,327.0893606734406,15.97581158203673
-8.0,389.63000000002967,268.9441144525124,30.974484908120036
-6.0,360.53000000002555,213.01612826732594,40.91583827495331
-4.0,260.9199999999978,161.62379922470396,38.05618610121673
-2.0,160.9900000000275,120.70659228112913,25.022304316349764
0.0,61.069999999996405,103.53433118964867,69.5338647284342
2.0,39.01000000000599,120.70659228112913,209.42474309436201
4.0,138.65000000001794,161.62379922470396,16.569635214340465
6.0,169.94000000003507,213.01612826732594,25.347845279087906
8.0,170.00999999999823,268.9441144525124,58.19311478884489
10.0,170.01000000005374,327.0893606734406,92.39418897319993
