detuning_mV,E0,E1,E2,E3,E4,E5,E6,E7
-10.0,292.28027000000003,292.66955,292.84126,293.01151,294.69339,294.85275,295.14962,295.27158999999995
-8.0,292.33042,292.72005,292.79157,292.96169,294.72537,294.87426,295.13009,295.24415
-6.0,292.38049,292.74102,292.77124,292.91178,294.75419000000005,294.88882,295.11628,295.21945
-4.0,292.43048999999996,292.69140999999996,292.8213,292.86179,294.77795000000003,294.89551,295.10855000000004,295.19999
-2.0,292.4804,292.64139,292.81169,292.87162,294.79337,294.89609,295.10428,295.18989
0.0,292.53021,292.59128,292.76153,292.92185,294.79642,294.89437000000004,295.10023,295.19266
2.0,292.54099,292.58,292.71131,292.97199,294.78597,294.8913,295.09799,295.20687000000004
4.0,292.49071,292.62936,292.66125999999997,293.02205,294.76532,294.88344,295.10192,295.22829
6.0,292.44032,292.61026000000004,292.67953,293.07201,294.73836,294.86825,295.11384000000004,295.25373
8.0,292.38985,292.55986,292.72893999999997,293.12187,294.70758,294.8462,295.13261,295.28136
10.0,292.33928999999995,292.50930000000005,292.77835000000005,293.17163,294.67434,294.81905,295.15607,295.31014
