time_s,position_m,speed_m_s,size_m
3.333333333333333e-10,0.0,13.80169156701362,5.239813890893253e-09
3.703703703703704e-10,5.111737617412452e-10,15.479494340238759,5.339796309062895e-09
4.0740740740740734e-10,1.146629210388056e-09,21.041864773852,5.5329006444643555e-09
4.444444444444445e-10,2.0698304116562088e-09,35.374400541445624,5.8624957081504925e-09
4.814814814814816e-10,3.766955176421066e-09,288.527510959507,6.44257003803436e-09
5.185185185185185e-10,2.3442238630878956e-08,322.00541802500294,7.811699548760733e-09
5.555555555555555e-10,2.7619208363458328e-08,70.87638040338544,6.730228278551039e-09
5.925925925925927e-10,2.869234088298158e-08,32.42479740717305,6.6973021735929065e-09
6.296296296296296e-10,3.002104520843411e-08,34.792776008458645,6.599381904834597e-09
6.666666666666666e-10,3.1269583550274806e-08,33.710535229699026,6.594005161343481e-09
