state,dE/dV_P1,dE/dV_P2
0,-0.08837148317850473,-0.022706065979651902
1,-0.0882925392525322,-0.022627149996306557
2,-0.00919698150281836,-0.08952134083412927
3,-0.00910899725457727,-0.0894331633093355
4,-0.08838655221166233,-0.022395809688880455
5,-0.08813444478303806,-0.022145715230660248
6,-0.009039695107365141,-0.08933603125392539
7,-0.008930614433411145,-0.08922585296637298
8,-0.08622862440349559,-0.021970068201490833
9,-0.08618016236012895,-0.021922194274370897
10,-0.008911120454613173,-0.08728103199843666
11,-0.008712533998475372,-0.08707856411712538
12,-0.08943849553499178,-0.022135394679332555
13,-0.08923511050950808,-0.021936935532536332
14,-0.00872912671912333,-0.09018236353551827
15,-0.008660501443403319,-0.09012040654845463
16,-0.08767218561331583,-0.0207144446410358
17,-0.08538932827980078,-0.01902032500753615
18,-0.007674535128835683,-0.08839402772870272
19,-0.00616279379311394,-0.0858818697607815
