# y (m), E_C with charge (eV)
0.000000000000000000e+00 1.859999999999999432e+00
9.134368572045074459e-11 2.004274970054265026e+00
9.134368572045074459e-11 2.004274970054265026e+00
1.048512283493141364e-10 2.026004944667683993e+00
1.048512283493141364e-10 2.026004944667683549e+00
2.460411369336724593e-10 2.249388619065117112e+00
2.460411369336724593e-10 2.249388619065117556e+00
3.049739554483140784e-10 2.344223640048268997e+00
3.049739554483140784e-10 2.344223640048268553e+00
3.407841417189704129e-10 2.402263857819773918e+00
3.407841417189704129e-10 2.402263857819773474e+00
3.427865493054608474e-10 2.405786282100951912e+00
3.427865493054608474e-10 2.405786282100952800e+00
4.016455236170114262e-10 2.510915060530233056e+00
4.016455236170114262e-10 2.510915060530233056e+00
4.152873464027814605e-10 2.535427786816820905e+00
4.152873464027814605e-10 2.535427786816821349e+00
5.081326110848734571e-10 2.697949730853562933e+00
5.081326110848734571e-10 2.697949730853562489e+00
5.637699559090450382e-10 2.805623014027861295e+00
5.637699559090450382e-10 2.805623014027861295e+00
6.445470525213402916e-10 2.967660493777747543e+00
6.445470525213402916e-10 2.967660493777747099e+00
7.030855642613030956e-10 3.086450759421189627e+00
7.030855642613030956e-10 3.086450759421188295e+00
7.337928425429394653e-10 3.151436407309802679e+00
7.337928425429394653e-10 3.151436407309803123e+00
7.985465718140205463e-10 3.296867604517856876e+00
7.985465718140205463e-10 3.296867604517856432e+00
8.703182584642027627e-10 3.447185085750531286e+00
8.703182584642027627e-10 3.447185085750530398e+00
9.999999999999998555e-10 3.750015458363701981e+00
9.999999999999998555e-10 4.500154583637021588e-01
1.160699929508931234e-09 4.594323956627280325e-01
1.160699929508931234e-09 4.594323956627280880e-01
1.163961941711988767e-09 4.596043734128287261e-01
1.163961941711988767e-09 4.596043734128287261e-01
1.172317871102372191e-09 4.600416681173675748e-01
1.172317871102372191e-09 4.600416681173674638e-01
1.226251633380456589e-09 4.628974164040958739e-01
1.226251633380456589e-09 4.628974164040959294e-01
1.242827908025828761e-09 4.638424685210519871e-01
1.242827908025828761e-09 4.638424685210520426e-01
1.455025366482473735e-09 4.765155194142606243e-01
1.455025366482473735e-09 4.765155194142604578e-01
1.589269237990139046e-09 4.848087588970683148e-01
1.589269237990139046e-09 4.848087588970684814e-01
1.601452302902058329e-09 4.855318083428811216e-01
1.601452302902058329e-09 4.855318083428810105e-01
1.603929230713856398e-09 4.857157426295086733e-01
1.603929230713856398e-09 4.857157426295086178e-01
1.805451288996648077e-09 4.988883568768231469e-01
1.805451288996648077e-09 4.988883568768231469e-01
1.890449815298265948e-09 5.052495867773855176e-01
1.890449815298265948e-09 5.052495867773854066e-01
2.014615139520322181e-09 5.141864498356895075e-01
2.014615139520322181e-09 5.141864498356896185e-01
2.160200238477250530e-09 5.262027610821506940e-01
2.160200238477250530e-09 5.262027610821506940e-01
2.363927259290274401e-09 5.423420775386430526e-01
2.363927259290274401e-09 5.423420775386431636e-01
2.534377725614828241e-09 5.574877517295766527e-01
2.534377725614828241e-09 5.574877517295764306e-01
2.598568559055869541e-09 5.628038898237113230e-01
2.598568559055869541e-09 5.628038898237113230e-01
2.619955167525020506e-09 5.648688232625829198e-01
2.619955167525020506e-09 5.648688232625829198e-01
2.653179377902572158e-09 5.680939761531228482e-01
2.653179377902572158e-09 5.680939761531226262e-01
2.874718986905244383e-09 5.886736797109486385e-01
2.874718986905244383e-09 5.886736797109486385e-01
3.036429081001610323e-09 6.042626998761473356e-01
3.036429081001610323e-09 6.042626998761472246e-01
3.194438649026625934e-09 6.206380145553053174e-01
3.194438649026625934e-09 6.206380145553052063e-01
3.365803377949174272e-09 6.385810188647809138e-01
3.365803377949174272e-09 6.385810188647809138e-01
3.368869133403317813e-09 6.388857466561183029e-01
3.368869133403317813e-09 6.388857466561183029e-01
3.372250230767591145e-09 6.391929481207698771e-01
3.372250230767591145e-09 6.391929481207700992e-01
3.512772460121480425e-09 6.512422965208183312e-01
3.512772460121480425e-09 6.512422965208183312e-01
3.525599451135608693e-09 6.523188530514784089e-01
3.525599451135608693e-09 6.523188530514781869e-01
3.723346710709225066e-09 6.683098795993995811e-01
3.723346710709225066e-09 6.683098795993994701e-01
3.767974033269639541e-09 6.718111687911368923e-01
3.767974033269639541e-09 6.718111687911370034e-01
3.797646566987910136e-09 6.740708928622414220e-01
3.797646566987910136e-09 6.740708928622414220e-01
3.805044987274906021e-09 6.745453061097219649e-01
3.805044987274906021e-09 6.745453061097219649e-01
3.824531373409743876e-09 6.755942665582348461e-01
3.824531373409743876e-09 6.755942665582348461e-01
3.897003815776185156e-09 6.794392677166728456e-01
3.897003815776185156e-09 6.794392677166727346e-01
4.000000000000000249e-09 6.848804623231604660e-01
4.000000000000000249e-09 3.984880462323160177e+00
4.042466854551805989e-09 3.893714310991053917e+00
4.042466854551805989e-09 3.893714310991053917e+00
4.233753528170254558e-09 3.484120338082869583e+00
4.233753528170254558e-09 3.484120338082869139e+00
4.387732342649264480e-09 3.161711091673535368e+00
4.387732342649264480e-09 3.161711091673535812e+00
4.432834588577052746e-09 3.066299800730581282e+00
4.432834588577052746e-09 3.066299800730581282e+00
4.459868820067623610e-09 3.009418601944178651e+00
4.459868820067623610e-09 3.009418601944177762e+00
4.493940201332498171e-09 2.938841391621629384e+00
4.493940201332498171e-09 2.938841391621629828e+00
4.534307833364818821e-09 2.855072945693428288e+00
4.534307833364818821e-09 2.855072945693427400e+00
4.619207630088922128e-09 2.674197836391941863e+00
4.619207630088922128e-09 2.674197836391941863e+00
4.668340892816092209e-09 2.574081481931053350e+00
4.668340892816092209e-09 2.574081481931052906e+00
4.766887576071022620e-09 2.366539398296154229e+00
4.766887576071022620e-09 2.366539398296154229e+00
4.779295536990536827e-09 2.339064904093081321e+00
4.779295536990536827e-09 2.339064904093080877e+00
4.788699329211745194e-09 2.319344494886805830e+00
4.788699329211745194e-09 2.319344494886806274e+00
4.995758771422102376e-09 1.869209014297521065e+00
4.995758771422102376e-09 1.869209014297521065e+00
5.000000000000000105e-09 1.859999999999999432e+00
