# z_no_charge (m), E_C no charge (eV)
0.000000000000000000e+00 1.538267374226917505e+00
2.338732132520341804e-10 1.536262164878367420e+00
2.338732132520341804e-10 1.536262164878367420e+00
5.238838628280747669e-10 1.533775637851083395e+00
5.238838628280747669e-10 1.533775637851083395e+00
5.978064677750983074e-10 1.533016533798948089e+00
5.978064677750983074e-10 1.533016533798948089e+00
6.477204595845406735e-10 1.532486671351916296e+00
6.477204595845406735e-10 1.532486671351915852e+00
6.724808324481090729e-10 1.532168258006423534e+00
6.724808324481090729e-10 1.532168258006423534e+00
7.385722028397644401e-10 1.531105781297229074e+00
7.385722028397644401e-10 1.531105781297229296e+00
1.052258125821247107e-09 1.526413023813750991e+00
1.052258125821247107e-09 1.526413023813751435e+00
1.274249841673592895e-09 1.523008676753314194e+00
1.274249841673592895e-09 1.523008676753314194e+00
1.323968899010050499e-09 1.522195333775471671e+00
1.323968899010050499e-09 1.522195333775471671e+00
1.470248689278109678e-09 1.519257397804578469e+00
1.470248689278109678e-09 1.519257397804578247e+00
1.539580165435956012e-09 1.517833230751629570e+00
1.539580165435956012e-09 1.517833230751629792e+00
1.957287951155887028e-09 1.504980727482523983e+00
1.957287951155887028e-09 1.504980727482523983e+00
1.999618229178190625e-09 1.503668527280249467e+00
1.999618229178190625e-09 1.503668527280249245e+00
2.031763073254979956e-09 1.502483055529427958e+00
2.031763073254979956e-09 1.502483055529428180e+00
2.053825526424724255e-09 1.501441923539609702e+00
2.053825526424724255e-09 1.501441923539609258e+00
2.106715451166876122e-09 1.498670051315878382e+00
2.106715451166876122e-09 1.498670051315878604e+00
2.396335490098817052e-09 1.481684379795743522e+00
2.396335490098817052e-09 1.481684379795743300e+00
2.502423118043785650e-09 1.474469921948208251e+00
2.502423118043785650e-09 1.474469921948208029e+00
2.542989448774624106e-09 1.471271878490951979e+00
2.542989448774624106e-09 1.471271878490951979e+00
2.675632348775215295e-09 1.459561590975776646e+00
2.675632348775215295e-09 1.459561590975777090e+00
2.773624004886753740e-09 1.450057428093275647e+00
2.773624004886753740e-09 1.450057428093275647e+00
2.877420720533197395e-09 1.439007341783059557e+00
2.877420720533197395e-09 1.439007341783059779e+00
2.915954114226619912e-09 1.433703610117747163e+00
2.915954114226619912e-09 1.433703610117747385e+00
3.105880316060232431e-09 1.407301314705675654e+00
3.105880316060232431e-09 1.407301314705675876e+00
3.134893844204510933e-09 1.403022217937502258e+00
3.134893844204510933e-09 1.403022217937501814e+00
3.150203079450231165e-09 1.400369380846800071e+00
3.150203079450231165e-09 1.400369380846799627e+00
3.490458949731080312e-09 1.330877465485815314e+00
3.490458949731080312e-09 1.330877465485815536e+00
3.494387908810915836e-09 1.330074545735953961e+00
3.494387908810915836e-09 1.330074545735953961e+00
3.498620615177407092e-09 1.329216859362702285e+00
3.498620615177407092e-09 1.329216859362702730e+00
3.499121320903084253e-09 1.329099130477596757e+00
3.499121320903084253e-09 1.329099130477596535e+00
3.499607142384889664e-09 1.328975237519702812e+00
3.499607142384889664e-09 1.328975237519703034e+00
3.500090693218632587e-09 1.328842567475734038e+00
3.500090693218632587e-09 1.328842567475734038e+00
3.501756346558929673e-09 1.328313570869571247e+00
3.501756346558929673e-09 1.328313570869571691e+00
3.503129737348136876e-09 1.327884617512029131e+00
3.503129737348136876e-09 1.327884617512029353e+00
3.761249594675961889e-09 1.247862181858008235e+00
3.761249594675961889e-09 1.247862181858007791e+00
3.885530780249086915e-09 1.203111270064992189e+00
3.885530780249086915e-09 1.203111270064991967e+00
3.892720472359796154e-09 1.200510284996964883e+00
3.892720472359796154e-09 1.200510284996964883e+00
3.896971941957642441e-09 1.198829171521040404e+00
3.896971941957642441e-09 1.198829171521040626e+00
3.967347640145437571e-09 1.169885165879682276e+00
3.967347640145437571e-09 1.169885165879682054e+00
4.090329600667359966e-09 1.114208260712020504e+00
4.090329600667359966e-09 1.114208260712020726e+00
4.289866345420876472e-09 1.013793644843571151e+00
4.289866345420876472e-09 1.013793644843570929e+00
4.329343260296600816e-09 9.933321284655091121e-01
4.329343260296600816e-09 9.933321284655091121e-01
4.334340339966817248e-09 9.906487380380526453e-01
4.334340339966817248e-09 9.906487380380527563e-01
4.347784519987686514e-09 9.829188559548805992e-01
4.347784519987686514e-09 9.829188559548808213e-01
4.513022905448934296e-09 8.819546658996892941e-01
4.513022905448934296e-09 8.819546658996891830e-01
4.564916075433922385e-09 8.493165023809544634e-01
4.564916075433922385e-09 8.493165023809545744e-01
4.606124594577980836e-09 8.226579660237460789e-01
4.606124594577980836e-09 8.226579660237460789e-01
4.705196864578782509e-09 7.556252979570001749e-01
4.705196864578782509e-09 7.556252979569999528e-01
4.759174791278661843e-09 7.188296711842498965e-01
4.759174791278661843e-09 7.188296711842501185e-01
4.826904728551359139e-09 6.706102522755561512e-01
4.826904728551359139e-09 6.706102522755561512e-01
4.993370388864887730e-09 5.501841954511443866e-01
4.993370388864887730e-09 5.501841954511446087e-01
5.000000000000000105e-09 5.452810747879256459e-01
5.000000000000000105e-09 5.452810747879256459e-01
5.014464612505516150e-09 5.355335281875490683e-01
5.014464612505516150e-09 5.355335281875490683e-01
5.095115695390058706e-09 4.803931632934010931e-01
5.095115695390058706e-09 4.803931632934009821e-01
5.200598628604544972e-09 4.080925147389470320e-01
5.200598628604544972e-09 4.080925147389470320e-01
5.213280301952627774e-09 3.993638332128854884e-01
5.213280301952627774e-09 3.993638332128855439e-01
5.242792100324770232e-09 3.820397523782820270e-01
5.242792100324770232e-09 3.820397523782821381e-01
5.368191955213299658e-09 3.050202551280029040e-01
5.368191955213299658e-09 3.050202551280027929e-01
5.404340743260925019e-09 2.817007443318547133e-01
5.404340743260925019e-09 2.817007443318548243e-01
5.429778735593165933e-09 2.684600227890233115e-01
5.429778735593165933e-09 2.684600227890233115e-01
5.453977279036306566e-09 2.552867258510727599e-01
5.453977279036306566e-09 2.552867258510728155e-01
5.605224764750367474e-09 1.817522504372092451e-01
5.605224764750367474e-09 1.817522504372091896e-01
5.853692470657510068e-09 8.811693560840760941e-02
5.853692470657510068e-09 8.811693560840758166e-02
5.870546794659419602e-09 8.165759618655306362e-02
5.870546794659419602e-09 8.165759618655299423e-02
5.874251905909098132e-09 8.014654066181831071e-02
5.874251905909098132e-09 8.014654066181839398e-02
5.878339073499349514e-09 7.847496466140782556e-02
5.878339073499349514e-09 7.847496466140789495e-02
5.884381153622557935e-09 7.655490709116562209e-02
5.884381153622557935e-09 7.655490709116562209e-02
5.886532708701895347e-09 7.582910497371019021e-02
5.886532708701895347e-09 7.582910497371021796e-02
5.889146185065890251e-09 7.517124380921441640e-02
5.889146185065890251e-09 7.517124380921441640e-02
6.117206879165833404e-09 1.167501829353979372e-02
6.117206879165833404e-09 1.167501829353982321e-02
6.118654574547656665e-09 1.134505682252294825e-02
6.118654574547656665e-09 1.134505682252297080e-02
6.129586040565517602e-09 9.487263223449487332e-03
6.129586040565517602e-09 9.487263223449487332e-03
6.276328006850925480e-09 -1.676150692831572184e-02
6.276328006850925480e-09 -1.676150692831571143e-02
6.300513814081243801e-09 -2.057610079510451342e-02
6.300513814081243801e-09 -2.057610079510451689e-02
6.400698583440457493e-09 -3.535468893427338305e-02
6.400698583440457493e-09 -3.535468893427337611e-02
6.431246555664461524e-09 -4.017340764843254503e-02
6.431246555664461524e-09 -4.017340764843255196e-02
6.442154606631240978e-09 -4.131579906180691403e-02
6.442154606631240978e-09 -4.131579906180687933e-02
6.740243920957937157e-09 -6.511053130971854175e-02
6.740243920957937157e-09 -6.511053130971852787e-02
6.748177384569110029e-09 -6.573193310603314687e-02
6.748177384569110029e-09 -6.573193310603316075e-02
6.750179841647175983e-09 -6.587819976369842234e-02
6.750179841647175983e-09 -6.587819976369845010e-02
6.751267183939161301e-09 -6.592862258306425582e-02
6.751267183939161301e-09 -6.592862258306424195e-02
6.754636475496470770e-09 -6.605382515857140258e-02
6.754636475496470770e-09 -6.605382515857140258e-02
6.806766517658909982e-09 -6.847393864062874258e-02
6.806766517658909982e-09 -6.847393864062872870e-02
7.054756738525307886e-09 -8.015058576669420454e-02
7.054756738525307886e-09 -8.015058576669420454e-02
7.058803553589493151e-09 -8.030854697376563212e-02
7.058803553589493151e-09 -8.030854697376563212e-02
7.135248956455117138e-09 -8.174284496119799126e-02
7.135248956455117138e-09 -8.174284496119796350e-02
7.220426489922426105e-09 -8.344017231265506152e-02
7.220426489922426105e-09 -8.344017231265506152e-02
7.239056982511030630e-09 -8.397165892864963399e-02
7.239056982511030630e-09 -8.397165892864963399e-02
7.341650797845182120e-09 -8.734673043563423445e-02
7.341650797845182120e-09 -8.734673043563426220e-02
7.389861888214466438e-09 -8.743975023169515970e-02
7.389861888214466438e-09 -8.743975023169513194e-02
7.409548835726107620e-09 -8.765109247847988061e-02
7.409548835726107620e-09 -8.765109247847988061e-02
7.419098786942273449e-09 -8.763452719154557480e-02
7.419098786942273449e-09 -8.763452719154556092e-02
7.643023131500932069e-09 -9.123701505230862041e-02
7.643023131500932069e-09 -9.123701505230859266e-02
7.722746401184005776e-09 -9.071832095598637846e-02
7.722746401184005776e-09 -9.071832095598642010e-02
7.806711441297869567e-09 -9.238514791888687017e-02
7.806711441297869567e-09 -9.238514791888688404e-02
7.835443829695446041e-09 -9.258118154399833100e-02
7.835443829695446041e-09 -9.258118154399834487e-02
7.882717292805407423e-09 -9.212331791390615532e-02
7.882717292805407423e-09 -9.212331791390615532e-02
7.931958137798803283e-09 -9.207517048977977014e-02
7.931958137798803283e-09 -9.207517048977978402e-02
8.028002186246727552e-09 -9.383977207466147330e-02
8.028002186246727552e-09 -9.383977207466150106e-02
8.065185800455026519e-09 -9.428569786993754032e-02
8.065185800455026519e-09 -9.428569786993752644e-02
8.130753775624672565e-09 -9.358754940525278176e-02
8.130753775624672565e-09 -9.358754940525275401e-02
8.208803013391522395e-09 -9.403298957624527110e-02
8.208803013391522395e-09 -9.403298957624529886e-02
8.325145283271691648e-09 -9.464644205364351748e-02
8.325145283271691648e-09 -9.464644205364351748e-02
8.379834447456603844e-09 -9.454273100108613603e-02
8.379834447456603844e-09 -9.454273100108614991e-02
8.653871438912617135e-09 -9.319053827010580215e-02
8.653871438912617135e-09 -9.319053827010578828e-02
8.658150576090847851e-09 -9.318833936649287275e-02
8.658150576090847851e-09 -9.318833936649284500e-02
8.660371228426076968e-09 -9.320812594947290586e-02
8.660371228426076968e-09 -9.320812594947293361e-02
8.662328107684931845e-09 -9.320494983248737986e-02
8.662328107684931845e-09 -9.320494983248735210e-02
9.003708568043353232e-09 -9.370609785082789633e-02
9.003708568043353232e-09 -9.370609785082788246e-02
9.021927855687366975e-09 -9.379453880497702623e-02
9.021927855687366975e-09 -9.379453880497701235e-02
9.117403044591526001e-09 -9.309643608721449026e-02
9.117403044591526001e-09 -9.309643608721447638e-02
9.135937578600791076e-09 -9.305012912696865313e-02
9.135937578600791076e-09 -9.305012912696863925e-02
9.149852707772417574e-09 -9.312843159990268072e-02
9.149852707772417574e-09 -9.312843159990269459e-02
9.341434049137102679e-09 -9.479158335953712100e-02
9.341434049137102679e-09 -9.479158335953712100e-02
9.448234137106751336e-09 -9.421542431003521179e-02
9.448234137106751336e-09 -9.421542431003522566e-02
9.578446194251064730e-09 -9.443548721879345409e-02
9.578446194251064730e-09 -9.443548721879349572e-02
9.583168790690019067e-09 -9.446566999099602346e-02
9.583168790690019067e-09 -9.446566999099600959e-02
9.680506368639102049e-09 -9.458025840395563322e-02
9.680506368639102049e-09 -9.458025840395561934e-02
9.746467594026201095e-09 -9.452931104979890586e-02
9.746467594026201095e-09 -9.452931104979889199e-02
9.850392719433868963e-09 -9.477677897531960882e-02
9.850392719433868963e-09 -9.477677897531959494e-02
9.927309079607007891e-09 -9.476994766120278024e-02
9.927309079607007891e-09 -9.476994766120275249e-02
9.932419415685541953e-09 -9.482282878046130459e-02
9.932419415685541953e-09 -9.482282878046130459e-02
1.007456357008437861e-08 -9.357512901978518038e-02
1.007456357008437861e-08 -9.357512901978519426e-02
1.014455262947854536e-08 -9.413252623954485032e-02
1.014455262947854536e-08 -9.413252623954482257e-02
1.017596996026878799e-08 -9.389876825967140295e-02
1.017596996026878799e-08 -9.389876825967141682e-02
1.022436426642534088e-08 -9.360028743282719499e-02
1.022436426642534088e-08 -9.360028743282716723e-02
1.023652242120356656e-08 -9.360714630811700632e-02
1.023652242120356656e-08 -9.360714630811702019e-02
1.046016298917551752e-08 -9.502545264494435817e-02
1.046016298917551752e-08 -9.502545264494431654e-02
1.074329775804027539e-08 -9.322534454786558789e-02
1.074329775804027539e-08 -9.322534454786560176e-02
1.075199904662615341e-08 -9.322453177907630284e-02
1.075199904662615341e-08 -9.322453177907630284e-02
1.075268896805040744e-08 -9.322830654864261435e-02
1.075268896805040744e-08 -9.322830654864261435e-02
1.075375010512546878e-08 -9.322585013386659736e-02
1.075375010512546878e-08 -9.322585013386659736e-02
1.075716163766116126e-08 -9.322777138545275399e-02
1.075716163766116126e-08 -9.322777138545276787e-02
1.076060703788689203e-08 -9.321631243688459356e-02
1.076060703788689203e-08 -9.321631243688459356e-02
1.107257126090564426e-08 -9.330959288427610743e-02
1.107257126090564426e-08 -9.330959288427610743e-02
1.108016549701492232e-08 -9.331005657984020596e-02
1.108016549701492232e-08 -9.331005657984024759e-02
1.108833356946571979e-08 -9.322559893213989979e-02
1.108833356946571979e-08 -9.322559893213988591e-02
1.112799785023435740e-08 -9.341071025708126696e-02
1.112799785023435740e-08 -9.341071025708126696e-02
1.135314929500161268e-08 -9.377249527167383358e-02
1.135314929500161268e-08 -9.377249527167381971e-02
1.140943678141931328e-08 -9.315382101348390620e-02
1.140943678141931328e-08 -9.315382101348394783e-02
1.143061760046051174e-08 -9.310787622605107283e-02
1.143061760046051174e-08 -9.310787622605110059e-02
1.151165363985104683e-08 -9.244675417260307670e-02
1.151165363985104683e-08 -9.244675417260306283e-02
1.158674561602713037e-08 -9.215955496548769443e-02
1.158674561602713037e-08 -9.215955496548769443e-02
1.172563651412896800e-08 -9.282219477848208111e-02
1.172563651412896800e-08 -9.282219477848205336e-02
1.172649835883144621e-08 -9.281696286308559196e-02
1.172649835883144621e-08 -9.281696286308557808e-02
1.175626721598794573e-08 -9.293778537170922782e-02
1.175626721598794573e-08 -9.293778537170924170e-02
1.178480977099232265e-08 -9.258781655976786040e-02
1.178480977099232265e-08 -9.258781655976786040e-02
1.181372693626295590e-08 -9.227200698477174001e-02
1.181372693626295590e-08 -9.227200698477172613e-02
1.187425310430094108e-08 -9.225635037841090069e-02
1.187425310430094108e-08 -9.225635037841088681e-02
1.206473084604363176e-08 -9.265018399856138342e-02
1.206473084604363176e-08 -9.265018399856139730e-02
1.214619492651526391e-08 -9.153356637231879755e-02
1.214619492651526391e-08 -9.153356637231876980e-02
1.222245407404996711e-08 -9.157053094804591675e-02
1.222245407404996711e-08 -9.157053094804593063e-02
1.229952675531030248e-08 -9.067054762755129282e-02
1.229952675531030248e-08 -9.067054762755132058e-02
1.236299175936235222e-08 -9.054721954423826380e-02
1.236299175936235222e-08 -9.054721954423827768e-02
1.249536688151868230e-08 -8.992999324471065425e-02
1.249536688151868230e-08 -8.992999324471064038e-02
1.252923648151758245e-08 -8.947237826149143092e-02
1.252923648151758245e-08 -8.947237826149145867e-02
1.270403484426571218e-08 -8.765375089025195798e-02
1.270403484426571218e-08 -8.765375089025195798e-02
1.284613669448472719e-08 -8.344629158287061865e-02
1.284613669448472719e-08 -8.344629158287064641e-02
1.287664023025426612e-08 -8.258877927083074777e-02
1.287664023025426612e-08 -8.258877927083073389e-02
1.298897801013965867e-08 -7.829365278944735995e-02
1.298897801013965867e-08 -7.829365278944734607e-02
1.300145719687849689e-08 -7.787996632993500479e-02
1.300145719687849689e-08 -7.787996632993497703e-02
1.300931718986383573e-08 -7.753330808892038017e-02
1.300931718986383573e-08 -7.753330808892039405e-02
1.317285028881261729e-08 -7.116250073951423116e-02
1.317285028881261729e-08 -7.116250073951416177e-02
1.344182641079439575e-08 -5.032140719053183886e-02
1.344182641079439575e-08 -5.032140719053185274e-02
1.345704281127425312e-08 -4.925257227139530347e-02
1.345704281127425312e-08 -4.925257227139531735e-02
1.346621029445965558e-08 -4.877603388307654581e-02
1.346621029445965558e-08 -4.877603388307651111e-02
1.347432135725984274e-08 -4.810936102383542301e-02
1.347432135725984274e-08 -4.810936102383543689e-02
1.347471056033530521e-08 -4.807656576504267670e-02
1.347471056033530521e-08 -4.807656576504265589e-02
1.347728852150348960e-08 -4.770538112362626704e-02
1.347728852150348960e-08 -4.770538112362625316e-02
1.348479195931764565e-08 -4.668335815826201579e-02
1.348479195931764565e-08 -4.668335815826199497e-02
1.356947262843675625e-08 -3.685704498777871152e-02
1.356947262843675625e-08 -3.685704498777871846e-02
1.371927858578686467e-08 -1.953768948676480946e-02
1.371927858578686467e-08 -1.953768948676488579e-02
1.373680014490112719e-08 -1.604768566103254718e-02
1.373680014490112719e-08 -1.604768566103255412e-02
1.382835613853065775e-08 1.596344863308198775e-03
1.382835613853065775e-08 1.596344863308174489e-03
1.396313647218200983e-08 3.408885020903348190e-02
1.396313647218200983e-08 3.408885020903349578e-02
1.399361583384590238e-08 4.105886006399333404e-02
1.399361583384590238e-08 4.105886006399322302e-02
1.401158847856327811e-08 4.674864971819624876e-02
1.401158847856327811e-08 4.674864971819638060e-02
1.406876998144318855e-08 6.194442148090608530e-02
1.406876998144318855e-08 6.194442148090600897e-02
1.414121657301699314e-08 8.415151954073649132e-02
1.414121657301699314e-08 8.415151954073646356e-02
1.433900485090165593e-08 1.593464308615526182e-01
1.433900485090165593e-08 1.593464308615527292e-01
1.433977328831096871e-08 1.596024137756081873e-01
1.433977328831096871e-08 1.596024137756081873e-01
1.434035586672283232e-08 1.598287416838915509e-01
1.434035586672283232e-08 1.598287416838915787e-01
1.434648789900625158e-08 1.621700616041741871e-01
1.434648789900625158e-08 1.621700616041740206e-01
1.436351024778289358e-08 1.704174771061592597e-01
1.436351024778289358e-08 1.704174771061592597e-01
1.437722429344023341e-08 1.769507451346750415e-01
1.437722429344023341e-08 1.769507451346750693e-01
1.455200303189470254e-08 2.587148802645198309e-01
1.455200303189470254e-08 2.587148802645198864e-01
1.456972863699719008e-08 2.681603580404849363e-01
1.456972863699719008e-08 2.681603580404849363e-01
1.457396511952949021e-08 2.704936360090109404e-01
1.457396511952949021e-08 2.704936360090108294e-01
1.463333181661582938e-08 3.068640957566792782e-01
1.463333181661582938e-08 3.068640957566792782e-01
1.476171243524815716e-08 3.842833416923204237e-01
1.476171243524815716e-08 3.842833416923203682e-01
1.477956686978499134e-08 3.949053979411082937e-01
1.477956686978499134e-08 3.949053979411084603e-01
1.478032804798103925e-08 3.953554348176576694e-01
1.478032804798103925e-08 3.953554348176574473e-01
1.478673239881730152e-08 3.998584317865027105e-01
1.478673239881730152e-08 3.998584317865028215e-01
1.490206758488089045e-08 4.793395259612198700e-01
1.490206758488089045e-08 4.793395259612199255e-01
1.500000000000000197e-08 5.458124503288496188e-01
1.500000000000000197e-08 5.458124503288496188e-01
1.510801972202170521e-08 6.257842812322491621e-01
1.510801972202170521e-08 6.257842812322491621e-01
1.511901527568494765e-08 6.337572765641901196e-01
1.511901527568494765e-08 6.337572765641901196e-01
1.512362098462171509e-08 6.370828993023932574e-01
1.512362098462171509e-08 6.370828993023931464e-01
1.513062848441813476e-08 6.420657013972678184e-01
1.513062848441813476e-08 6.420657013972678184e-01
1.523861084985284543e-08 7.193766378942889617e-01
1.523861084985284543e-08 7.193766378942888506e-01
1.535144566512347241e-08 7.952938822214508097e-01
1.535144566512347241e-08 7.952938822214505876e-01
1.544366543685137447e-08 8.553597777177055494e-01
1.544366543685137447e-08 8.553597777177056605e-01
1.547375099160556285e-08 8.749360836977010392e-01
1.547375099160556285e-08 8.749360836977010392e-01
1.548336839079136423e-08 8.810844890381549499e-01
1.548336839079136423e-08 8.810844890381548389e-01
1.560200595365838568e-08 9.528212451781483683e-01
1.560200595365838568e-08 9.528212451781484793e-01
1.565825362939579380e-08 9.866722607544955448e-01
1.565825362939579380e-08 9.866722607544955448e-01
1.566138211925024792e-08 9.885191878296253343e-01
1.566138211925024792e-08 9.885191878296254453e-01
1.566680072701723579e-08 9.916119521124981961e-01
1.566680072701723579e-08 9.916119521124980851e-01
1.567942029856007802e-08 9.986097069696289186e-01
1.567942029856007802e-08 9.986097069696288075e-01
1.569581000232649449e-08 1.007349852548007574e+00
1.569581000232649449e-08 1.007349852548007574e+00
1.570880345951558761e-08 1.014020202007599680e+00
1.570880345951558761e-08 1.014020202007599236e+00
1.573856034230258560e-08 1.028869626476140997e+00
1.573856034230258560e-08 1.028869626476140775e+00
1.588620133937687138e-08 1.102982013735301248e+00
1.588620133937687138e-08 1.102982013735301692e+00
1.596793293393702146e-08 1.142393182104152860e+00
1.596793293393702146e-08 1.142393182104152860e+00
1.602640460347072475e-08 1.168259610537323301e+00
1.602640460347072475e-08 1.168259610537323523e+00
1.609901819934422770e-08 1.197571227578763775e+00
1.609901819934422770e-08 1.197571227578763553e+00
1.616745975908612433e-08 1.223039839550694730e+00
1.616745975908612433e-08 1.223039839550694730e+00
1.627043641924779761e-08 1.260060188292068784e+00
1.627043641924779761e-08 1.260060188292068339e+00
1.651562158533134045e-08 1.332005326921398281e+00
1.651568132833420809e-08 1.332020034719389567e+00
1.651602392481074295e-08 1.332092789057760518e+00
1.651602392481074295e-08 1.332092789057760740e+00
1.672898537640871538e-08 1.377247369164253055e+00
1.672898537640871538e-08 1.377247369164253055e+00
1.685666123896789751e-08 1.401479448492722879e+00
1.685666123896789751e-08 1.401479448492722657e+00
1.686309341192547962e-08 1.402586225219425664e+00
1.686309341192547962e-08 1.402586225219426330e+00
1.689270597100061941e-08 1.406833973090966472e+00
1.689270597100061941e-08 1.406833973090965806e+00
1.710150217714621399e-08 1.436530057972013941e+00
1.710150217714621399e-08 1.436530057972013941e+00
1.711467718574963456e-08 1.438390725873275322e+00
1.711467718574963456e-08 1.438390725873275544e+00
1.712335990954222099e-08 1.439417773496513675e+00
1.712335990954222099e-08 1.439417773496513231e+00
1.715578351988594176e-08 1.443049285923272418e+00
1.715578351988594176e-08 1.443049285923272418e+00
1.747649758896565903e-08 1.472834820549357993e+00
1.747649758896565903e-08 1.472834820549357993e+00
1.752262579490506768e-08 1.477126703628695026e+00
1.752262579490506768e-08 1.477126703628695248e+00
1.753012988504547998e-08 1.477724756803104667e+00
1.753012988504547998e-08 1.477724756803104667e+00
1.755313341865304317e-08 1.479388562926372774e+00
1.755313341865304317e-08 1.479388562926372108e+00
1.763193997503011000e-08 1.483762429108757219e+00
1.763193997503011000e-08 1.483762429108756997e+00
1.780233026618405313e-08 1.493231121358871594e+00
1.780233026618405313e-08 1.493231121358871816e+00
1.793658803326806084e-08 1.500662150167155762e+00
1.793658803326806084e-08 1.500662150167155762e+00
1.794799878937923512e-08 1.501192398360192914e+00
1.794799878937923512e-08 1.501192398360193359e+00
1.796375197411992237e-08 1.501850249206356347e+00
1.796375197411992237e-08 1.501850249206356125e+00
1.798068384682074784e-08 1.502604088641454005e+00
1.798068384682074784e-08 1.502604088641453783e+00
1.802283709950076805e-08 1.504149716071367493e+00
1.802283709950076805e-08 1.504149716071367715e+00
1.821116139340015940e-08 1.510663063181254095e+00
1.821116139340015940e-08 1.510663063181254540e+00
1.821520997265758332e-08 1.510800227896460513e+00
1.821520997265758332e-08 1.510800227896460513e+00
1.821761385757540433e-08 1.510864906115414463e+00
1.821761385757540433e-08 1.510864906115414907e+00
1.846591984437941674e-08 1.517538827188072537e+00
1.846591984437941674e-08 1.517538827188072759e+00
1.854212746028353581e-08 1.519474111251839510e+00
1.854212746028353581e-08 1.519474111251839954e+00
1.857702434492202938e-08 1.520265839559500343e+00
1.857702434492202938e-08 1.520265839559500343e+00
1.865366935034223022e-08 1.522043092187979063e+00
1.865366935034223022e-08 1.522043092187978841e+00
1.919286799038333334e-08 1.530404581488557625e+00
1.919286799038333334e-08 1.530404581488557847e+00
1.919542669702780393e-08 1.530443690706044135e+00
1.919542669702780393e-08 1.530443690706044357e+00
1.919938929353867262e-08 1.530493179695761929e+00
1.919938929353867262e-08 1.530493179695762151e+00
1.925902774599971685e-08 1.531207694984148660e+00
1.925902774599971685e-08 1.531207694984148660e+00
1.936898674093999449e-08 1.532310151823643718e+00
1.936898674093999449e-08 1.532310151823643274e+00
1.939511484957885953e-08 1.532570112584536792e+00
1.939511484957885953e-08 1.532570112584536792e+00
1.940664387003254374e-08 1.532690198777214352e+00
1.940664387003254374e-08 1.532690198777214574e+00
1.946777182045439256e-08 1.533264763169769340e+00
1.946777182045439256e-08 1.533264763169768896e+00
1.994973379127357986e-08 1.537739954760204419e+00
1.994973379127357986e-08 1.537739954760204641e+00
2.000000000000000042e-08 1.538267374226917505e+00
