# y_no_charge (m), E_C no charge (eV)
0.000000000000000000e+00 1.859999999999999654e+00
5.299814733175736159e-11 1.908887286857571031e+00
5.299814733175736159e-11 1.908887286857570809e+00
8.120479464930460124e-11 1.934986696968775455e+00
8.120479464930460124e-11 1.934986696968775455e+00
2.664205341828328752e-10 2.106292833643958140e+00
2.664205341828328752e-10 2.106292833643958140e+00
3.540942745934487757e-10 2.194922014419150358e+00
3.540942745934487757e-10 2.194922014419150802e+00
3.552010205100830632e-10 2.196020606880871195e+00
3.552010205100830632e-10 2.196020606880871640e+00
3.835871431161787341e-10 2.227018209022451956e+00
3.835871431161787341e-10 2.227018209022452844e+00
5.848323330198342474e-10 2.447026785424247119e+00
5.848323330198342474e-10 2.447026785424248008e+00
6.113138624343888839e-10 2.475988999838413473e+00
6.113138624343888839e-10 2.475988999838412141e+00
6.616056386353081912e-10 2.536901870483694754e+00
6.616056386353081912e-10 2.536901870483694754e+00
7.241469041350728534e-10 2.612387366246328391e+00
7.241469041350728534e-10 2.612387366246327502e+00
8.871767005467928688e-10 2.829971952964311033e+00
8.871767005467928688e-10 2.829971952964312365e+00
9.678749626174776573e-10 2.936666553499077459e+00
9.678749626174776573e-10 2.936666553499077459e+00
9.999999999999998555e-10 2.980891654671188995e+00
9.999999999999998555e-10 -3.191083453288110494e-01
1.026603734436022202e-09 -3.090982041254228263e-01
1.026603734436022202e-09 -3.090982041254227153e-01
1.074491802908427452e-09 -2.909958026531164199e-01
1.074491802908427452e-09 -2.909958026531163644e-01
1.142312796640857191e-09 -2.656123723675181125e-01
1.142312796640857191e-09 -2.656123723675181680e-01
1.315951459630537794e-09 -2.093877491876946495e-01
1.315951459630537794e-09 -2.093877491876945940e-01
1.355972283037467640e-09 -1.963359177417365875e-01
1.355972283037467640e-09 -1.963359177417365597e-01
1.429570684865833070e-09 -1.803010035756728857e-01
1.429570684865833070e-09 -1.803010035756728857e-01
1.446186042437406878e-09 -1.768870506356285954e-01
1.446186042437406878e-09 -1.768870506356285954e-01
1.637857303578800576e-09 -1.430483222344058614e-01
1.637857303578800576e-09 -1.430483222344058336e-01
1.691600180338952565e-09 -1.359081879086557754e-01
1.691600180338952565e-09 -1.359081879086558031e-01
1.704526465182324438e-09 -1.342799556001483818e-01
1.704526465182324438e-09 -1.342799556001483818e-01
1.900255780029104381e-09 -1.171590138775723960e-01
1.900255780029104381e-09 -1.171590138775723960e-01
1.954584574978126756e-09 -1.134903354641556006e-01
1.954584574978126756e-09 -1.134903354641556145e-01
2.021287709505992529e-09 -1.086453564940577515e-01
2.021287709505992529e-09 -1.086453564940577515e-01
2.043483531166429165e-09 -1.074336567084072241e-01
2.043483531166429165e-09 -1.074336567084072380e-01
2.116559531880183760e-09 -1.040977014869844119e-01
2.116559531880183760e-09 -1.040977014869844258e-01
2.211172811284456635e-09 -9.968459233639398454e-02
2.211172811284456635e-09 -9.968459233639402617e-02
2.288411121873074795e-09 -9.736627156507840497e-02
2.288411121873074795e-09 -9.736627156507840497e-02
2.351039170057553577e-09 -9.554581435254969057e-02
2.351039170057553577e-09 -9.554581435254964894e-02
2.489891764452391417e-09 -9.417571302892027707e-02
2.489891764452391417e-09 -9.417571302892029095e-02
2.592177788111491567e-09 -9.472126463292551701e-02
2.592177788111491567e-09 -9.472126463292553089e-02
2.655089070861607842e-09 -9.590878933015359320e-02
2.655089070861607842e-09 -9.590878933015357932e-02
2.851402182198636234e-09 -1.022678210746968269e-01
2.851402182198636234e-09 -1.022678210746968547e-01
2.953716881927571298e-09 -1.062305265477060945e-01
2.953716881927571298e-09 -1.062305265477061222e-01
2.972977836692377802e-09 -1.069925375020546188e-01
2.972977836692377802e-09 -1.069925375020546188e-01
3.029310491596573629e-09 -1.114909960914425152e-01
3.029310491596573629e-09 -1.114909960914425013e-01
3.115049545832591874e-09 -1.187471457685520815e-01
3.115049545832591874e-09 -1.187471457685520537e-01
3.262961983857116107e-09 -1.320560323644413836e-01
3.262961983857116107e-09 -1.320560323644413558e-01
3.310529435201935683e-09 -1.391736580504455700e-01
3.310529435201935683e-09 -1.391736580504456255e-01
3.340514985992714604e-09 -1.434190155664487598e-01
3.340514985992714604e-09 -1.434190155664487598e-01
3.441650474866027499e-09 -1.598618959779490589e-01
3.441650474866027499e-09 -1.598618959779490867e-01
3.561386936923623339e-09 -1.788004421469798211e-01
3.561386936923623339e-09 -1.788004421469798488e-01
3.579741261763757634e-09 -1.826551472862626979e-01
3.579741261763757634e-09 -1.826551472862626979e-01
3.621140317255132604e-09 -1.916076663835186156e-01
3.621140317255132604e-09 -1.916076663835185601e-01
3.756972741469961065e-09 -2.269187292448213711e-01
3.756972741469961065e-09 -2.269187292448214266e-01
3.974274967223751267e-09 -3.097711587871583849e-01
3.974274967223751267e-09 -3.097711587871583849e-01
4.000000000000000249e-09 -3.192247754154687311e-01
4.000000000000000249e-09 2.980775224584530481e+00
4.021271433200631525e-09 2.951563038814597029e+00
4.021271433200631525e-09 2.951563038814597473e+00
4.031327360365614453e-09 2.938937824836954871e+00
4.031327360365614453e-09 2.938937824836956203e+00
4.110126885780875282e-09 2.832960789083313724e+00
4.110126885780875282e-09 2.832960789083313280e+00
4.232099300514579629e-09 2.669870341454639195e+00
4.232099300514579629e-09 2.669870341454640084e+00
4.327924753512523981e-09 2.546033670780685210e+00
4.327924753512523981e-09 2.546033670780684766e+00
4.351676404916846865e-09 2.519169592539577618e+00
4.351676404916846865e-09 2.519169592539578062e+00
4.530256257332185686e-09 2.317660593766093680e+00
4.530256257332185686e-09 2.317660593766093680e+00
4.554958976361342253e-09 2.288911766784193169e+00
4.554958976361342253e-09 2.288911766784192725e+00
4.575852987519583495e-09 2.267836373336252098e+00
4.575852987519583495e-09 2.267836373336252542e+00
4.706243072836568895e-09 2.136427635136599612e+00
4.706243072836568895e-09 2.136427635136599612e+00
4.743406699936327404e-09 2.097806340387580626e+00
4.743406699936327404e-09 2.097806340387581070e+00
4.783375955045647498e-09 2.058869862141326390e+00
4.783375955045647498e-09 2.058869862141326390e+00
4.828762617252231601e-09 2.017400522068878654e+00
4.828762617252231601e-09 2.017400522068878654e+00
4.921019213174308938e-09 1.932599756577840555e+00
4.921019213174308938e-09 1.932599756577839889e+00
5.000000000000000105e-09 1.859999999999999432e+00
