# z (m), E_C with charge (eV)
0.000000000000000000e+00 1.538267374226917283e+00
9.009717536786395139e-11 1.537757607963644357e+00
9.009717536786395139e-11 1.537757607963644357e+00
3.964765932048879864e-10 1.536024125306315380e+00
3.964765932048879864e-10 1.536024125306315380e+00
5.615328608806835286e-10 1.535049840494570272e+00
5.615328608806835286e-10 1.535049840494570494e+00
8.039646410413191375e-10 1.533626797683825149e+00
8.039952670320751728e-10 1.533626563827701572e+00
8.353487430229643118e-10 1.533394085283772412e+00
8.353487430229643118e-10 1.533394085283772856e+00
8.996556839301469121e-10 1.532641804674084174e+00
8.996556839301469121e-10 1.532641804674084174e+00
1.571081921869459192e-09 1.525128619424654719e+00
1.571081921869459192e-09 1.525128619424654275e+00
1.785528719480043801e-09 1.522028057231668452e+00
1.785528719480043801e-09 1.522028057231668452e+00
1.970496102876801580e-09 1.519332941405646009e+00
1.970496102876801580e-09 1.519332941405645787e+00
1.982261801756222616e-09 1.519105777405996616e+00
1.982261801756222616e-09 1.519105777405996616e+00
1.986550248647459204e-09 1.519006914987871770e+00
1.986550248647459204e-09 1.519006914987871770e+00
1.991885882211110940e-09 1.518862655673592243e+00
1.991885882211110940e-09 1.518862655673592021e+00
1.997749722407227566e-09 1.518717214513091829e+00
1.997749722407227566e-09 1.518717214513092051e+00
2.032700400351337877e-09 1.517675209188674046e+00
2.032700400351337877e-09 1.517675209188674046e+00
2.403711126889901020e-09 1.506254101666562928e+00
2.403711126889901020e-09 1.506254101666562928e+00
2.679613001172597731e-09 1.495356636299590924e+00
2.679613001172597731e-09 1.495356636299591147e+00
2.772440579234609874e-09 1.491635143089979243e+00
2.772440579234609874e-09 1.491635143089979243e+00
2.841503957311341671e-09 1.488464557853900860e+00
2.841503957311341671e-09 1.488464557853901304e+00
2.882066543521626383e-09 1.486041480066195186e+00
2.882066543521626383e-09 1.486041480066194520e+00
2.929311485353174262e-09 1.483220592456542031e+00
2.929311485353174262e-09 1.483220592456541587e+00
2.948232823765444861e-09 1.482058358951019006e+00
2.948232823765444861e-09 1.482058358951019450e+00
3.156459164402932740e-09 1.468026050698561846e+00
3.156459164402932740e-09 1.468026050698562068e+00
3.443909074979656388e-09 1.445340850082727169e+00
3.443909074979656388e-09 1.445340850082726725e+00
3.468516581805637254e-09 1.443384599679552016e+00
3.468516581805637254e-09 1.443384599679551794e+00
3.469569686175183961e-09 1.443302670632418128e+00
3.469569686175183961e-09 1.443302670632418128e+00
3.470291080217095072e-09 1.443230431588594431e+00
3.470291080217095072e-09 1.443230431588594431e+00
3.470740502054361062e-09 1.443177738131358634e+00
3.470740502054361062e-09 1.443177738131358634e+00
3.505500676269454803e-09 1.439394208218425009e+00
3.505500676269454803e-09 1.439394208218425009e+00
3.515649284342213955e-09 1.438317956402660469e+00
3.515649284342213955e-09 1.438317956402660025e+00
3.738502029147663181e-09 1.412549913053352535e+00
3.738502029147663181e-09 1.412549913053352757e+00
3.775130890571606211e-09 1.407687024799062492e+00
3.775130890571606211e-09 1.407687024799062492e+00
3.901372023039665044e-09 1.389066917321972516e+00
3.901372023039665044e-09 1.389066917321972516e+00
3.948328049721033702e-09 1.381812119830482466e+00
3.948328049721033702e-09 1.381812119830483132e+00
3.966165854007936242e-09 1.378927651085688710e+00
3.966165854007936242e-09 1.378927651085688266e+00
4.003318248371367449e-09 1.372864436731458415e+00
4.003318248371367449e-09 1.372864436731458859e+00
4.148781596025159251e-09 1.345621188673242097e+00
4.148781596025159251e-09 1.345621188673242319e+00
4.241614719363813873e-09 1.328024529810138743e+00
4.241614719363813873e-09 1.328024529810138521e+00
4.263144495741540629e-09 1.323981772718862748e+00
4.263144495741540629e-09 1.323981772718863414e+00
4.337932696743711457e-09 1.309299332270773775e+00
4.337932696743711457e-09 1.309299332270773109e+00
4.339394019528259273e-09 1.308973366342892852e+00
4.339394019528259273e-09 1.308973366342892852e+00
4.376865019416093772e-09 1.299178089408493220e+00
4.376865019416093772e-09 1.299178089408492998e+00
4.431291216944148280e-09 1.283610182774954200e+00
4.431291216944148280e-09 1.283610182774953978e+00
4.641095374728705649e-09 1.222760074406147979e+00
4.641095374728705649e-09 1.222760074406148423e+00
4.880172174369111397e-09 1.130742506944108161e+00
4.880172174369111397e-09 1.130742506944108383e+00
4.923517828931436115e-09 1.113613052811478266e+00
4.923517828931436115e-09 1.113613052811478266e+00
5.000000000000000105e-09 1.083224426442459531e+00
5.000000000000000105e-09 1.083224426442459087e+00
5.163624130236854477e-09 1.014509303920823058e+00
5.163624130236854477e-09 1.014509303920823280e+00
5.205961432785339678e-09 9.966079930475402193e-01
5.205961432785339678e-09 9.966079930475401083e-01
5.326768407619323688e-09 9.452662979736287108e-01
5.326768407619323688e-09 9.452662979736285997e-01
5.627149799444924059e-09 8.465048120058549230e-01
5.627149799444924059e-09 8.465048120058549230e-01
5.639774188277358849e-09 8.424301275355160490e-01
5.639774188277358849e-09 8.424301275355162710e-01
5.648577062369062317e-09 8.393997580857236462e-01
5.648577062369062317e-09 8.393997580857235352e-01
5.653877813091347953e-09 8.376691362785655404e-01
5.653877813091347953e-09 8.376691362785655404e-01
5.668109784890607387e-09 8.334648922811106475e-01
5.668109784890607387e-09 8.334648922811106475e-01
5.838025081431727998e-09 7.893216683634234343e-01
5.838025081431727998e-09 7.893216683634233233e-01
5.982186695286288305e-09 7.506679058177901931e-01
5.982186695286288305e-09 7.506679058177901931e-01
6.009718994660955598e-09 7.442120068301970592e-01
6.009718994660955598e-09 7.442120068301972813e-01
6.054492858470115155e-09 7.332399180418909257e-01
6.054492858470115155e-09 7.332399180418907036e-01
6.524058604239307130e-09 6.473854499615658842e-01
6.524058604239307130e-09 6.473854499615658842e-01
6.533913366933161033e-09 6.455480715070102127e-01
6.533913366933161033e-09 6.455480715070102127e-01
6.536231476672734906e-09 6.451136434197322078e-01
6.536231476672734906e-09 6.451136434197320968e-01
6.536517805216854630e-09 6.450601656952263951e-01
6.536517805216854630e-09 6.450601656952261731e-01
6.537505662515799317e-09 6.449172588893598013e-01
6.537505662515799317e-09 6.449172588893599123e-01
6.537921638982967754e-09 6.448545014460802527e-01
6.537921638982967754e-09 6.448545014460801417e-01
6.538340796136579156e-09 6.448048721537961159e-01
6.538340796136579156e-09 6.448048721537961159e-01
6.545747775271894038e-09 6.438934763720390864e-01
6.545747775271894038e-09 6.438934763720393084e-01
6.987284437556164174e-09 5.880176680087896290e-01
6.987284437556164174e-09 5.880176680087896290e-01
7.131397698525219369e-09 5.777371039514711537e-01
7.131397698525219369e-09 5.777371039514710427e-01
7.134738872901153859e-09 5.774801956255629642e-01
7.134738872901153859e-09 5.774801956255630753e-01
7.469089714159015371e-09 5.506393527031562263e-01
7.469089714159015371e-09 5.506393527031564483e-01
7.612954357700187513e-09 5.464661410510290862e-01
7.612954357700187513e-09 5.464661410510290862e-01
7.727258113751267085e-09 5.425201347865010737e-01
7.727258113751267085e-09 5.425201347865010737e-01
7.874958186557477228e-09 5.353362916900130664e-01
7.874958186557477228e-09 5.353362916900131774e-01
7.957571594949795954e-09 5.342802891176787750e-01
7.957571594949795954e-09 5.342802891176785529e-01
8.039607038926762272e-09 5.351713054845250728e-01
8.039607038926762272e-09 5.351713054845251838e-01
8.114217490513190206e-09 5.345459860525949569e-01
8.114217490513190206e-09 5.345459860525950679e-01
8.581819913521910734e-09 5.361930736904767514e-01
8.581819913521910734e-09 5.361930736904765293e-01
8.586316112481248623e-09 5.361430803383721022e-01
8.586316112481248623e-09 5.361430803383723243e-01
8.593850438285822397e-09 5.361657632339670299e-01
8.593850438285822397e-09 5.361657632339669188e-01
8.595849937719528386e-09 5.361630479650177916e-01
8.595849937719528386e-09 5.361630479650177916e-01
8.598528169200614722e-09 5.362139920615368593e-01
8.598528169200614722e-09 5.362139920615368593e-01
8.627436584394266934e-09 5.365479145350495749e-01
8.627436584394266934e-09 5.365479145350494639e-01
9.050708742850185049e-09 5.411175709222288965e-01
9.050708742850185049e-09 5.411175709222288965e-01
9.131857097607693834e-09 5.436494826819880943e-01
9.131857097607693834e-09 5.436494826819880943e-01
9.354364818314840269e-09 5.470745780841627104e-01
9.354364818314840269e-09 5.470745780841625994e-01
9.642681537839989341e-09 5.539243253403165479e-01
9.642681537839989341e-09 5.539243253403164369e-01
9.664146597556920531e-09 5.545537486405744954e-01
9.664146597556920531e-09 5.545537486405746064e-01
9.681586331486637381e-09 5.545732275144953372e-01
9.681586331486637381e-09 5.545732275144954482e-01
1.030661344028581847e-08 5.542980846893230673e-01
1.030661344028581847e-08 5.542980846893230673e-01
1.030680215018010191e-08 5.542988086507342205e-01
1.030697076347534361e-08 5.542965834434682160e-01
1.066594566957087928e-08 5.480708902581941100e-01
1.066594566957087928e-08 5.480708902581941100e-01
1.086376363368633615e-08 5.406563322573905150e-01
1.086376363368633615e-08 5.406563322573905150e-01
1.089966626775572829e-08 5.403693225732754124e-01
1.089966626775572829e-08 5.403693225732754124e-01
1.114387314657878644e-08 5.383507966317817584e-01
1.114387314657878644e-08 5.383507966317814253e-01
1.118700191964103816e-08 5.380075803131515455e-01
1.118700191964103816e-08 5.380075803131516565e-01
1.124306045919740343e-08 5.379138678698172082e-01
1.124306045919740343e-08 5.379138678698170972e-01
1.133946927736954666e-08 5.357029889795208444e-01
1.133946927736954666e-08 5.357029889795207334e-01
1.143681693878690057e-08 5.346199776667998060e-01
1.143681693878690057e-08 5.346199776667996950e-01
1.161545794007512770e-08 5.319462945104292961e-01
1.161545794007512770e-08 5.319462945104292961e-01
1.171558194178098163e-08 5.329132625891428443e-01
1.171558194178098163e-08 5.329132625891427333e-01
1.205256864056779127e-08 5.348248999326256081e-01
1.205256864056779127e-08 5.348248999326254971e-01
1.222583199857285616e-08 5.381167950873062544e-01
1.222583199857285616e-08 5.381167950873062544e-01
1.225189591013634835e-08 5.389058378608871935e-01
1.225189591013634835e-08 5.389058378608873046e-01
1.286519904557378580e-08 5.746215971415000734e-01
1.286519904557378580e-08 5.746215971415000734e-01
1.286695944062860431e-08 5.747192041467907853e-01
1.286695944062860431e-08 5.747192041467907853e-01
1.286872187817314876e-08 5.748125666463137495e-01
1.286872187817314876e-08 5.748125666463138606e-01
1.286891805675133613e-08 5.748287793680886271e-01
1.286891805675133613e-08 5.748287793680887381e-01
1.286959441627499380e-08 5.748887593883099667e-01
1.286959441627499380e-08 5.748887593883097447e-01
1.286988796560761797e-08 5.749255247948373837e-01
1.286988796560761797e-08 5.749255247948374947e-01
1.287082899864207052e-08 5.750342306685557459e-01
1.287082899864207052e-08 5.750342306685557459e-01
1.287329119164644763e-08 5.753375028630426380e-01
1.287329119164644763e-08 5.753375028630425270e-01
1.350725455627354856e-08 6.506029110133672022e-01
1.350725455627354856e-08 6.506029110133673132e-01
1.356679248481799323e-08 6.599136983400667456e-01
1.356679248481799323e-08 6.599136983400667456e-01
1.383129813249762734e-08 7.115775917158018160e-01
1.383129813249762734e-08 7.115775917158019270e-01
1.387739772397590136e-08 7.203593676402004764e-01
1.387739772397590136e-08 7.203593676402004764e-01
1.392744748630459388e-08 7.318361859915278878e-01
1.392744748630459388e-08 7.318361859915278878e-01
1.401824503915971342e-08 7.504829033742149713e-01
1.401824503915971342e-08 7.504829033742149713e-01
1.411351119931542819e-08 7.755018553608815646e-01
1.411351119931542819e-08 7.755018553608816756e-01
1.422724153327117276e-08 8.056933325944035662e-01
1.422724153327117276e-08 8.056933325944035662e-01
1.433967131931292771e-08 8.340933365840300651e-01
1.433967131931292771e-08 8.340933365840297320e-01
1.452971380633910177e-08 8.994323655412945762e-01
1.452971380633910177e-08 8.994323655412946872e-01
1.456401960662778983e-08 9.109765305156450887e-01
1.456401960662778983e-08 9.109765305156449777e-01
1.465928621889284425e-08 9.426370452723564775e-01
1.465928621889284425e-08 9.426370452723566995e-01
1.467269721649643601e-08 9.470588370677655021e-01
1.467269721649643601e-08 9.470588370677657242e-01
1.467919920258095994e-08 9.497561408188422982e-01
1.467919920258095994e-08 9.497561408188424092e-01
1.481347239584325702e-08 1.005000956934385181e+00
1.481347239584325702e-08 1.005000956934384959e+00
1.500000000000000197e-08 1.082357320287055114e+00
1.500000000000000197e-08 1.082357320287055114e+00
1.506161907458406718e-08 1.108737169147682389e+00
1.506161907458406718e-08 1.108737169147682389e+00
1.519607189532856761e-08 1.165958128486938694e+00
1.519607189532856761e-08 1.165958128486939138e+00
1.523685314397048338e-08 1.182814520843482597e+00
1.523685314397048338e-08 1.182814520843482820e+00
1.524284439559262579e-08 1.185239372324865537e+00
1.524284439559262579e-08 1.185239372324865537e+00
1.524788554847039518e-08 1.186941604903336112e+00
1.524788554847039518e-08 1.186941604903336556e+00
1.526043809910330447e-08 1.191189489739041596e+00
1.526043809910330447e-08 1.191189489739040930e+00
1.551961732198859955e-08 1.269123411812826951e+00
1.551961732198859955e-08 1.269123411812827174e+00
1.559539419760363290e-08 1.291883655168773348e+00
1.559539419760363290e-08 1.291883655168772682e+00
1.562824311314980844e-08 1.301159864901334284e+00
1.562824311314980844e-08 1.301159864901334506e+00
1.565062094173508240e-08 1.306339918931564092e+00
1.565062094173508240e-08 1.306339918931563870e+00
1.570092349300147617e-08 1.316813280859358670e+00
1.570092349300147617e-08 1.316813280859358892e+00
1.578335916961035223e-08 1.332946645219313053e+00
1.578335916961035223e-08 1.332946645219312831e+00
1.594973411124317139e-08 1.364894824064842638e+00
1.594973411124317139e-08 1.364894824064842638e+00
1.603727932240878400e-08 1.378929497982541275e+00
1.603727932240878400e-08 1.378929497982541275e+00
1.614360977975014234e-08 1.395201132582691406e+00
1.614360977975014234e-08 1.395201132582691406e+00
1.624699023581211297e-08 1.410292744092798589e+00
1.624699023581211297e-08 1.410292744092798589e+00
1.631908833783580248e-08 1.419095421408576918e+00
1.631908833783580248e-08 1.419095421408576474e+00
1.640001120056405930e-08 1.428142203539484179e+00
1.640001120056405930e-08 1.428142203539484623e+00
1.653213670193898180e-08 1.442624795176111752e+00
1.653213670193898180e-08 1.442624795176111752e+00
1.687077276752634469e-08 1.471591291106881139e+00
1.687084483039351033e-08 1.471597415897480055e+00
1.687098377133006303e-08 1.471608800941900830e+00
1.687119272807272283e-08 1.471622656968452958e+00
1.715895659784501026e-08 1.487979303398612840e+00
1.715895659784501026e-08 1.487979303398612618e+00
1.744689507686512672e-08 1.502391876959098260e+00
1.744689507686512672e-08 1.502391876959098482e+00
1.745058633702801952e-08 1.502566196308188218e+00
1.745058633702801952e-08 1.502566196308188440e+00
1.746093730842715546e-08 1.502988681398780502e+00
1.746093730842715546e-08 1.502988681398780280e+00
1.748730428841632060e-08 1.504006528225518391e+00
1.748730428841632060e-08 1.504006528225518391e+00
1.750248805240238832e-08 1.504485597271270736e+00
1.750248805240238832e-08 1.504485597271270736e+00
1.754043318025371582e-08 1.505603799001754339e+00
1.754043318025371582e-08 1.505603799001754339e+00
1.794942477862270875e-08 1.516458412221517671e+00
1.794942477862270875e-08 1.516458412221517893e+00
1.837076984790544612e-08 1.525694064885758872e+00
1.837076984790544612e-08 1.525694064885758650e+00
1.837287251308616855e-08 1.525738633118441268e+00
1.837287251308616855e-08 1.525738633118441046e+00
1.837328261280171771e-08 1.525746397382366837e+00
1.837328261280171771e-08 1.525746397382366837e+00
1.837372639472181188e-08 1.525754402168989277e+00
1.837372639472181188e-08 1.525754402168989499e+00
1.837474976253722208e-08 1.525767645892957436e+00
1.837474976253722208e-08 1.525767645892957658e+00
1.837525180316490052e-08 1.525773924427075823e+00
1.837525180316490052e-08 1.525773924427076933e+00
1.839942539254111534e-08 1.526023462361029148e+00
1.839942539254111534e-08 1.526023462361029814e+00
1.899363092639051685e-08 1.532060408768051163e+00
1.899363092639051685e-08 1.532060408768051163e+00
1.902068423037176655e-08 1.532354938893046636e+00
1.902068423037176655e-08 1.532354938893046636e+00
1.907672670059287005e-08 1.532722184922415742e+00
1.907672670059287005e-08 1.532722184922415520e+00
1.953392178505421247e-08 1.535526713819149514e+00
1.953392178505421247e-08 1.535526713819149514e+00
2.000000000000000042e-08 1.538267374226917727e+00
