# r (m), Si_concentration, Ge_concentration
0.000000000000000000e+00 1.000000000000000000e+00 0.000000000000000000e+00
3.030303030303030766e-11 1.000000000000000000e+00 0.000000000000000000e+00
6.060606060606061532e-11 1.000000000000000000e+00 0.000000000000000000e+00
9.090909090909092298e-11 1.000000000000000000e+00 0.000000000000000000e+00
1.212121212121212306e-10 1.000000000000000000e+00 0.000000000000000000e+00
1.515151515151515512e-10 1.000000000000000000e+00 0.000000000000000000e+00
1.818181818181818460e-10 1.000000000000000000e+00 0.000000000000000000e+00
2.121212121212121407e-10 1.000000000000000000e+00 0.000000000000000000e+00
2.424242424242424613e-10 1.000000000000000000e+00 0.000000000000000000e+00
2.727272727272727819e-10 1.000000000000000000e+00 0.000000000000000000e+00
3.030303030303031024e-10 1.000000000000000000e+00 0.000000000000000000e+00
3.333333333333333713e-10 1.000000000000000000e+00 0.000000000000000000e+00
3.636363636363636919e-10 1.000000000000000000e+00 0.000000000000000000e+00
3.939393939393940125e-10 1.000000000000000000e+00 0.000000000000000000e+00
4.242424242424242814e-10 1.000000000000000000e+00 0.000000000000000000e+00
4.545454545454546020e-10 1.000000000000000000e+00 0.000000000000000000e+00
4.848484848484849225e-10 1.000000000000000000e+00 0.000000000000000000e+00
5.151515151515152431e-10 1.000000000000000000e+00 0.000000000000000000e+00
5.454545454545455637e-10 1.000000000000000000e+00 0.000000000000000000e+00
5.757575757575758843e-10 1.000000000000000000e+00 0.000000000000000000e+00
6.060606060606062049e-10 1.000000000000000000e+00 0.000000000000000000e+00
6.363636363636364221e-10 1.000000000000000000e+00 0.000000000000000000e+00
6.666666666666667427e-10 1.000000000000000000e+00 0.000000000000000000e+00
6.969696969696970632e-10 1.000000000000000000e+00 0.000000000000000000e+00
7.272727272727273838e-10 1.000000000000000000e+00 0.000000000000000000e+00
7.575757575757577044e-10 1.000000000000000000e+00 0.000000000000000000e+00
7.878787878787880250e-10 1.000000000000000000e+00 0.000000000000000000e+00
8.181818181818183456e-10 1.000000000000000000e+00 0.000000000000000000e+00
8.484848484848485628e-10 1.000000000000000000e+00 0.000000000000000000e+00
8.787878787878788833e-10 1.000000000000000000e+00 0.000000000000000000e+00
9.090909090909092039e-10 1.000000000000000000e+00 0.000000000000000000e+00
9.393939393939396279e-10 1.000000000000000000e+00 0.000000000000000000e+00
9.696969696969698451e-10 1.000000000000000000e+00 0.000000000000000000e+00
1.000000000000000062e-09 1.000000000000000000e+00 0.000000000000000000e+00
1.030303030303030486e-09 1.000000000000000000e+00 0.000000000000000000e+00
1.060606060606060703e-09 1.000000000000000000e+00 0.000000000000000000e+00
1.090909090909091127e-09 1.000000000000000000e+00 0.000000000000000000e+00
1.121212121212121345e-09 1.000000000000000000e+00 0.000000000000000000e+00
1.151515151515151769e-09 1.000000000000000000e+00 0.000000000000000000e+00
1.181818181818181986e-09 1.000000000000000000e+00 0.000000000000000000e+00
1.212121212121212410e-09 1.000000000000000000e+00 0.000000000000000000e+00
1.242424242424242627e-09 1.000000000000000000e+00 0.000000000000000000e+00
1.272727272727272844e-09 1.000000000000000000e+00 0.000000000000000000e+00
1.303030303030303268e-09 1.000000000000000000e+00 0.000000000000000000e+00
1.333333333333333485e-09 1.000000000000000000e+00 0.000000000000000000e+00
1.363636363636363909e-09 1.000000000000000000e+00 0.000000000000000000e+00
1.393939393939394126e-09 1.000000000000000000e+00 0.000000000000000000e+00
1.424242424242424550e-09 1.000000000000000000e+00 0.000000000000000000e+00
1.454545454545454768e-09 1.000000000000000000e+00 0.000000000000000000e+00
1.484848484848484985e-09 1.000000000000000000e+00 0.000000000000000000e+00
1.515151515151515409e-09 1.000000000000000000e+00 0.000000000000000000e+00
1.545454545454545626e-09 1.000000000000000000e+00 0.000000000000000000e+00
1.575757575757576050e-09 1.000000000000000000e+00 0.000000000000000000e+00
1.606060606060606267e-09 9.924242424242422089e-01 7.575757575757791074e-03
1.636363636363636691e-09 9.545454545454541417e-01 4.545454545454585826e-02
1.666666666666666908e-09 9.166666666666665186e-01 8.333333333333348136e-02
1.696969696969697126e-09 8.787878787878784514e-01 1.212121212121215486e-01
1.727272727272727550e-09 8.409090909090903843e-01 1.590909090909096157e-01
1.757575757575757767e-09 8.030303030303027612e-01 1.969696969696972388e-01
1.787878787878788191e-09 7.651515151515146940e-01 2.348484848484853060e-01
1.818181818181818408e-09 7.272727272727270709e-01 2.727272727272729291e-01
1.848484848484848832e-09 6.893939393939390037e-01 3.106060606060609963e-01
1.878787878787879256e-09 6.515151515151509365e-01 3.484848484848490635e-01
1.909090909090909266e-09 6.136363636363633134e-01 3.863636363636366866e-01
1.939393939393939690e-09 5.757575757575752462e-01 4.242424242424247538e-01
1.969696969696970114e-09 5.378787878787871790e-01 4.621212121212128210e-01
2.000000000000000125e-09 5.000000000000000000e-01 5.000000000000000000e-01
2.030303030303030549e-09 4.621212121212119328e-01 5.378787878787880672e-01
2.060606060606060973e-09 4.242424242424238656e-01 5.757575757575761344e-01
2.090909090909091397e-09 3.863636363636357984e-01 6.136363636363642016e-01
2.121212121212121407e-09 3.484848484848481753e-01 6.515151515151518247e-01
2.151515151515151831e-09 3.106060606060601081e-01 6.893939393939398919e-01
2.181818181818182255e-09 2.727272727272720410e-01 7.272727272727279590e-01
2.212121212121212265e-09 2.348484848484848619e-01 7.651515151515151381e-01
2.242424242424242689e-09 1.969696969696967948e-01 8.030303030303032052e-01
2.272727272727273113e-09 1.590909090909087276e-01 8.409090909090912724e-01
2.303030303030303537e-09 1.212121212121206604e-01 8.787878787878793396e-01
2.333333333333333548e-09 8.333333333333303727e-02 9.166666666666669627e-01
2.363636363636363972e-09 4.545454545454497008e-02 9.545454545454550299e-01
2.393939393939394396e-09 7.575757575756902895e-03 9.924242424242430971e-01
2.424242424242424820e-09 0.000000000000000000e+00 1.000000000000000000e+00
2.454545454545454830e-09 0.000000000000000000e+00 1.000000000000000000e+00
2.484848484848485254e-09 0.000000000000000000e+00 1.000000000000000000e+00
2.515151515151515678e-09 0.000000000000000000e+00 1.000000000000000000e+00
2.545454545454545688e-09 0.000000000000000000e+00 1.000000000000000000e+00
2.575757575757576112e-09 0.000000000000000000e+00 1.000000000000000000e+00
2.606060606060606536e-09 0.000000000000000000e+00 1.000000000000000000e+00
2.636363636363636960e-09 0.000000000000000000e+00 1.000000000000000000e+00
2.666666666666666971e-09 0.000000000000000000e+00 1.000000000000000000e+00
2.696969696969697395e-09 0.000000000000000000e+00 1.000000000000000000e+00
2.727272727272727819e-09 0.000000000000000000e+00 1.000000000000000000e+00
2.757575757575757829e-09 0.000000000000000000e+00 1.000000000000000000e+00
2.787878787878788253e-09 0.000000000000000000e+00 1.000000000000000000e+00
2.818181818181818677e-09 0.000000000000000000e+00 1.000000000000000000e+00
2.848484848484849101e-09 0.000000000000000000e+00 1.000000000000000000e+00
2.878787878787879111e-09 0.000000000000000000e+00 1.000000000000000000e+00
2.909090909090909535e-09 0.000000000000000000e+00 1.000000000000000000e+00
2.939393939393939959e-09 0.000000000000000000e+00 1.000000000000000000e+00
2.969696969696969970e-09 0.000000000000000000e+00 1.000000000000000000e+00
3.000000000000000394e-09 0.000000000000000000e+00 1.000000000000000000e+00
