# r (m), phi_defect (V)
0.000000000000000000e+00 1.220308928186435882e+00
3.030303030303030766e-11 1.220308928186435882e+00
6.060606060606061532e-11 1.220308928186435882e+00
9.090909090909092298e-11 1.220308928186435882e+00
1.212121212121212306e-10 1.006754865753809680e+00
1.515151515151515512e-10 8.054038926030476775e-01
1.818181818181818460e-10 6.711699105025397127e-01
2.121212121212121407e-10 5.752884947164627061e-01
2.424242424242424613e-10 5.033774328769048401e-01
2.727272727272727819e-10 4.474466070016931418e-01
3.030303030303031024e-10 4.027019463015238387e-01
3.333333333333333713e-10 3.660926784559307978e-01
3.636363636363636919e-10 3.355849552512698564e-01
3.939393939393940125e-10 3.097707279242491452e-01
4.242424242424242814e-10 2.876442473582313530e-01
4.545454545454546020e-10 2.684679642010159295e-01
4.848484848484849225e-10 2.516887164384524200e-01
5.151515151515152431e-10 2.368834978244258038e-01
5.454545454545455637e-10 2.237233035008465709e-01
5.757575757575758843e-10 2.119483927902757192e-01
6.060606060606062049e-10 2.013509731507619194e-01
6.363636363636364221e-10 1.917628315721542354e-01
6.666666666666667427e-10 1.830463392279653989e-01
6.969696969696970632e-10 1.750878027397929637e-01
7.272727272727273838e-10 1.677924776256349282e-01
7.575757575757577044e-10 1.610807785206095633e-01
7.878787878787880250e-10 1.548853639621245726e-01
8.181818181818183456e-10 1.491488690005643991e-01
8.484848484848485628e-10 1.438221236791156765e-01
8.787878787878788833e-10 1.388627401039737586e-01
9.090909090909092039e-10 1.342339821005079648e-01
9.393939393939396279e-10 1.299038536456528503e-01
9.696969696969698451e-10 1.258443582192262100e-01
1.000000000000000062e-09 1.220308928186435993e-01
1.030303030303030486e-09 1.184417489122129019e-01
1.060606060606060703e-09 1.150576989432925412e-01
1.090909090909091127e-09 1.118616517504232855e-01
1.121212121212121345e-09 1.088383638652767188e-01
1.151515151515151769e-09 1.059741963951378596e-01
1.181818181818181986e-09 1.032569093080830391e-01
1.212121212121212410e-09 1.006754865753809597e-01
1.242424242424242627e-09 9.821998690281069644e-02
1.272727272727272844e-09 9.588141578607711768e-02
1.303030303030303268e-09 9.365161541895902775e-02
1.333333333333333485e-09 9.152316961398269946e-02
1.363636363636363909e-09 8.948932140033863392e-02
1.393939393939394126e-09 8.754390136989648186e-02
1.424242424242424550e-09 8.568126517053697988e-02
1.454545454545454768e-09 8.389623881281746409e-02
1.484848484848484985e-09 8.218407067378039055e-02
1.515151515151515409e-09 8.054038926030478163e-02
1.545454545454545626e-09 7.896116594147527257e-02
1.575757575757576050e-09 7.744268198106228629e-02
1.606060606060606267e-09 7.598149930217430736e-02
1.636363636363636691e-09 7.457443450028219956e-02
1.666666666666666908e-09 7.321853569118615124e-02
1.696969696969697126e-09 7.191106183955783826e-02
1.727272727272727550e-09 7.064946426342524899e-02
1.757575757575757767e-09 6.943137005198687928e-02
1.787878787878788191e-09 6.825456716974981353e-02
1.818181818181818408e-09 6.711699105025398238e-02
1.848484848484848832e-09 6.601671250844652616e-02
1.878787878787879256e-09 6.495192682282642516e-02
1.909090909090909266e-09 6.392094385738474049e-02
1.939393939393939690e-09 6.292217910961310501e-02
1.969696969696970114e-09 6.195414558484981654e-02
2.000000000000000125e-09 6.101544640932179964e-02
2.030303030303030549e-09 6.010476810470505304e-02
2.060606060606060973e-09 5.922087445610645096e-02
2.090909090909091397e-09 5.836260091326432586e-02
2.121212121212121407e-09 5.752884947164627061e-02
2.151515151515151831e-09 5.671858398613011804e-02
2.181818181818182255e-09 5.593082587521164273e-02
2.212121212121212265e-09 5.516465017829094014e-02
2.242424242424242689e-09 5.441918193263835940e-02
2.272727272727273113e-09 5.369359284020318313e-02
2.303030303030303537e-09 5.298709819756892980e-02
2.333333333333333548e-09 5.229895406513297013e-02
2.363636363636363972e-09 5.162845465404151957e-02
2.393939393939394396e-09 5.097492991158529552e-02
2.424242424242424820e-09 5.033774328769047984e-02
2.454545454545454830e-09 4.971628966685479739e-02
2.484848484848485254e-09 4.910999345140534822e-02
2.515151515151515678e-09 4.851830678331612440e-02
2.545454545454545688e-09 4.794070789303855884e-02
2.575757575757576112e-09 4.737669956488516076e-02
2.606060606060606536e-09 4.682580770947951387e-02
2.636363636363636960e-09 4.628758003465791027e-02
2.666666666666666971e-09 4.576158480699134973e-02
2.696969696969697395e-09 4.524740969680043218e-02
2.727272727272727819e-09 4.474466070016931696e-02
2.757575757575757829e-09 4.425296113203559117e-02
2.787878787878788253e-09 4.377195068494824093e-02
2.818181818181818677e-09 4.330128454855095704e-02
2.848484848484849101e-09 4.284063258526848994e-02
2.878787878787879111e-09 4.238967855805514384e-02
2.909090909090909535e-09 4.194811940640873205e-02
2.939393939393939959e-09 4.151566456716741099e-02
2.969696969696969970e-09 4.109203533689019527e-02
3.000000000000000394e-09 4.067696427288119976e-02
