fit_window_frac,model,T_us,T_err_us,p_fit,RMSE
0.5,Gaussian (p=2 fixed),68.08795885934386,0.30229915420267844,,0.054174555720675956
0.5,Exponential (p=1 fixed),75.91073080900354,0.36912342026913025,,0.0344235975598916
0.5,Stretched exponential,78.40786246940712,0.5085578121976624,0.601534189295237,0.028617015579416673
0.75,Gaussian (p=2 fixed),-72.65188861083952,0.18114547653828336,,0.04958695003740131
0.75,Exponential (p=1 fixed),67.37365445483613,0.22146177623979268,,0.03757110976611777
0.75,Stretched exponential,67.5836750328595,0.2413555038559255,1.015155731205903,0.03756426062851519
1.0,Gaussian (p=2 fixed),-81.11136983136524,0.21823691235366904,,0.06269643520506984
1.0,Exponential (p=1 fixed),68.66929065388817,0.22958073654025243,,0.04666542757133968
1.0,Stretched exponential,67.66920302936707,0.3181155208142294,0.9642172934865738,0.04662179531268759
