cycles,model,T_us,T_err_us,p_fit,p_err,RMSE,AIC,BIC,fit_valid
50,Gaussian (p=2 fixed),34.77275843372381,0.0712065380572324,,,0.01966989680511807,-19635.329464515566,-19612.03328047214,True
50,Exponential (p=1 fixed),43.69629166712834,0.15499994434451508,,,0.017922476619741855,-20100.498383790058,-20077.202199746633,True
50,Stretched exponential,38.65971099743648,0.10773393300526496,1.3929147623264424,0.008691326598460638,0.01269099688510532,-21824.31221797686,-21795.19198792258,True
100,Gaussian (p=2 fixed),-48.67175596413049,0.12390901901204368,,,0.044386994807626756,-31140.0876218853,-31114.018849119635,True
100,Exponential (p=1 fixed),46.538365151853924,0.19260085218939568,,,0.040519388741238005,-32051.746850748175,-32025.67807798251,True
100,Stretched exponential,47.81145023771357,0.14635990723221942,1.319968927426286,0.011843084763950493,0.03766562139698634,-32780.07499845445,-32747.48903249737,True
200,Gaussian (p=2 fixed),-81.11136983136524,0.21823691235366904,,,0.06269643520506984,-55381.01375486262,-55352.17239337472,True
200,Exponential (p=1 fixed),68.66929065388817,0.22958073654025243,,,0.04666542757133968,-61287.0339487235,-61258.1925872356,True
200,Stretched exponential,67.66920302936707,0.3181155208142294,0.9642172934865738,0.007610946887142746,0.04662179531268759,-61303.74273240678,-61267.6910305469,True
