theta_over_pi,splitting_MHz_per_T
0.0,27970.873023
0.025,27970.47689
0.05,27969.983629
0.075,27969.405382
0.1,27968.756381
0.125,27968.052603
0.15,27967.311374
0.175,27966.550943
0.2,27965.790034
0.225,27965.047383
0.25,27964.34128
0.275,27963.689113
0.3,27963.106947
0.325,27962.60912
0.35,27962.207896
0.375,27961.913158
0.4,27961.732168
0.425,27961.669383
0.45,27961.726352
0.475,27961.901669
0.5,27962.191018
0.525,27962.587268
0.55,27963.080659
0.575,27963.659037
0.6,27964.308157
0.625,27965.012029
0.65,27965.753319
0.675,27966.513771
0.7,27967.274661
0.725,27968.017252
0.75,27968.723263
0.775,27969.375312
0.8,27969.957348
0.825,27970.455044
0.85,27970.85615
0.875,27971.150793
0.9,27971.331723
0.925,27971.394486
0.95,27971.337537
0.975,27971.162278
1.0,27970.873023
