file,exists,size_KB,modified
fdsoi_negf.py,True,4.1494140625,2026-09-14 14:13:44.000000000
fdsoi_negf_run.log,True,9.0966796875,2026-09-29 05:14:53.817879915
fdsoi_negf_run2.log,True,8.76171875,2026-09-29 06:09:59.031243324
fdsoi_negf_run3.log,True,10.740234375,2026-09-29 07:22:29.359198332
band_0.png,True,30.146484375,2026-09-29 07:33:50.241567850
ldos_0.png,True,52.9677734375,2026-09-29 07:35:19.155559301
spectral_current_0.png,True,28.1533203125,2026-09-29 07:35:28.560951710
poisson_negf_master.py,True,10.654296875,2026-09-30 01:21:40.404540062
fdsoi_poisson_negf_master_current.png,True,34.5380859375,2026-09-30 01:39:55.963017702
fdsoi_poisson_negf_master_ldos.png,True,55.2998046875,2026-09-30 01:40:35.715029240
fdsoi_poisson_negf_master_ldos_zoom.png,True,50.3173828125,2026-09-30 01:41:07.493214369
PNEGF_current_scale.txt,True,10.4228515625,2026-09-30 01:43:34.334766865
PNEGF_current_featureless.png,True,27.2783203125,2026-09-30 01:43:34.444401503
PNEGF_Current_scale.png,True,20.826171875,2026-09-30 01:43:34.512493848
PNEGF_CSD_scale.txt,True,562.900390625,2026-09-30 01:46:47.938839674
PNEGF_Charge_diagram.png,True,68.65625,2026-09-30 01:46:48.137055874
