V_gate_V,I_A,I_nA
-0.001,-7.283056267503582e-14,7.283056267503582e-05
-0.0009090909090909091,-2.1549973867930047e-13,0.00021549973867930044
-0.0008181818181818182,-6.401315627162435e-13,0.0006401315627162434
-0.0007272727272727272,-1.9090133540027065e-12,0.0019090133540027063
-0.0006363636363636363,-5.709264920022908e-12,0.005709264920022907
-0.0005454545454545454,-1.7040783935396383e-11,0.017040783935396382
-0.00045454545454545455,-4.999690546782924e-11,0.04999690546782924
-0.0003636363636363636,-1.385760628001766e-10,0.1385760628001766
-0.0002727272727272727,-3.3567188236257433e-10,0.33567188236257434
-0.00018181818181818175,-6.563085660025026e-10,0.6563085660025025
-9.090909090909082e-05,-1.0629549212780165e-09,1.0629549212780165
0.0,-1.7272511063481206e-09,1.7272511063481206
9.090909090909093e-05,-3.4044606472351524e-09,3.404460647235152
0.00018181818181818186,-1.504193905739596e-09,1.5041939057395959
0.0002727272727272728,-1.1164832271001481e-09,1.1164832271001481
0.0003636363636363637,-9.195524998318061e-10,0.9195524998318061
0.00045454545454545465,-7.939924574822368e-10,0.7939924574822368
0.0005454545454545456,-7.04562606221913e-10,0.7045626062219129
0.0006363636363636365,-6.364533349440717e-10,0.6364533349440716
0.0007272727272727274,-5.821767417480672e-10,0.5821767417480672
0.0008181818181818184,-5.374811891331693e-10,0.5374811891331693
0.0009090909090909093,-4.997494155051056e-10,0.49974941550510554
0.001,-4.672703694796017e-10,0.4672703694796017
0.0010909090909090912,-4.388718723285322e-10,0.4388718723285322
0.0011818181818181819,-4.137201709645864e-10,0.41372017096458635
0.001272727272727273,-3.912034306874872e-10,0.3912034306874872
0.0013636363636363637,-3.708600337443883e-10,0.3708600337443883
0.0014545454545454549,-3.5233121348565703e-10,0.352331213485657
0.0015454545454545456,-3.353250220836232e-10,0.3353250220836232
0.0016363636363636368,-3.1957874842084605e-10,0.31957874842084605
0.0017272727272727275,-3.0479724032601843e-10,0.3047972403260184
0.0018181818181818186,-2.905139708367496e-10,0.29051397083674957
0.0019090909090909093,-2.7574436606878955e-10,0.27574436606878955
0.002,-2.581588275371068e-10,0.2581588275371068
0.002090909090909091,-2.3258319458698472e-10,0.2325831945869847
0.002181818181818182,-1.9097962656584138e-10,0.19097962656584136
0.002272727272727273,-1.3348542478232617e-10,0.13348542478232617
0.0023636363636363638,-8.839271861022433e-11,0.08839271861022432
0.002454545454545455,-9.98408575386543e-11,0.09984085753865429
0.0025454545454545456,-2.1328320391863668e-10,0.21328320391863667
0.0026363636363636368,-4.760845241422631e-10,0.47608452414226304
0.0027272727272727275,-8.907188316800687e-10,0.8907188316800687
0.0028181818181818186,-1.5750845881805402e-09,1.5750845881805402
0.0029090909090909098,-3.057083250594774e-09,3.057083250594774
0.003,-1.428463774399901e-09,1.428463774399901
0.003090909090909091,-1.0757943964484347e-09,1.0757943964484347
0.0031818181818181824,-8.928290508819026e-10,0.8928290508819025
0.0032727272727272735,-7.7481068672841e-10,0.7748106867284099
0.003363636363636364,-6.902008428124698e-10,0.6902008428124697
0.003454545454545455,-6.255032488578682e-10,0.6255032488578681
0.003545454545454546,-5.738017527603451e-10,0.5738017527603451
0.0036363636363636364,-5.311343537748567e-10,0.5311343537748566
0.0037272727272727275,-4.950483765892506e-10,0.49504837658925055
0.0038181818181818187,-4.6393465389900965e-10,0.4639346538990096
0.00390909090909091,-4.3668822003161246e-10,0.43668822003161245
0.004,-4.125218922323088e-10,0.4125218922323088
0.004090909090909091,-3.908575098430698e-10,0.3908575098430698
0.004181818181818182,-3.7125906447951954e-10,0.3712590644795195
0.0042727272727272735,-3.53389162877899e-10,0.353389162877899
0.004363636363636364,-3.369777560264137e-10,0.3369777560264137
0.004454545454545455,-3.2179391274790793e-10,0.3217939127479079
0.004545454545454546,-3.076071093617515e-10,0.3076071093617515
0.004636363636363637,-2.9410795890521254e-10,0.2941079589052125
0.0047272727272727275,-2.8071243926031847e-10,0.28071243926031847
0.004818181818181819,-2.6606548045082643e-10,0.2660654804508264
0.00490909090909091,-2.469052188230143e-10,0.24690521882301428
0.005,-2.1639312173872383e-10,0.21639312173872383
0.005090909090909091,-1.6610236761415467e-10,0.16610236761415467
0.005181818181818182,-1.0116249651586817e-10,0.10116249651586817
0.0052727272727272735,-4.739128962338216e-11,0.047391289623382155
0.005363636363636364,-1.8436725628594952e-11,0.01843672562859495
0.005454545454545455,-6.546828369727429e-12,0.0065468283697274286
0.005545454545454546,-2.2416526162467903e-12,0.00224165261624679
0.005636363636363637,-7.57543691706974e-13,0.000757543691706974
0.0057272727272727275,-2.548762112858162e-13,0.00025487621128581617
0.005818181818181819,-8.564070861584022e-14,8.564070861584021e-05
0.00590909090909091,-2.8769486155030086e-14,2.8769486155030084e-05
0.006000000000000001,-9.666053088178855e-15,9.666053088178854e-06
0.006090909090909091,-3.2485489622251262e-15,3.248548962225126e-06
0.006181818181818182,-1.09213069636202e-15,1.0921306963620198e-06
0.006272727272727274,-3.672947895520347e-16,3.672947895520347e-07
0.006363636363636364,-1.235709809621346e-16,1.2357098096213458e-07
0.006454545454545455,-4.15897081722888e-17,4.15897081722888e-08
0.006545454545454546,-1.4003266743497855e-17,1.4003266743497854e-08
0.006636363636363637,-4.716871486528977e-18,4.716871486528976e-09
0.006727272727272728,-1.5895260719442075e-18,1.5895260719442074e-09
0.00681818181818182,-5.358935686575265e-19,5.358935686575265e-10
0.006909090909090909,-1.8075717967568267e-19,1.8075717967568265e-10
0.007,-6.099974022248315e-20,6.099974022248314e-11
0.007090909090909091,-2.0596123511431936e-20,2.0596123511431933e-11
0.0071818181818181824,-6.957889965151913e-21,6.957889965151913e-12
0.007272727272727274,-2.3518898504096333e-21,2.3518898504096332e-12
0.007363636363636365,-7.954328027794347e-22,7.954328027794347e-13
0.007454545454545456,-2.6918777006347272e-22,2.691877700634727e-13
0.007545454545454547,-9.116825339094217e-23,9.116825339094217e-14
0.0076363636363636364,-3.0884808458995374e-23,3.0884808458995375e-14
0.007727272727272728,-1.0474293031823141e-23,1.047429303182314e-14
0.007818181818181818,-3.557949075317176e-24,3.557949075317176e-15
0.00790909090909091,-1.194502236865321e-24,1.194502236865321e-15
0.008,-4.163417027687856e-25,4.1634170276878554e-16
