iter,max_abs_error_V,time_s,max_err_coords_m,mesh_stage
1,2.64,15.301651,"-2.500e-09, 0.000e+00, 5.000e-09",coarse
2,0.9722,3.837505,"-7.537e-12, 7.537e-12, 1.026e-08",coarse
3,0.289,3.533802,"-7.537e-12, 7.537e-12, 1.026e-08",coarse
4,0.02029,4.361519,"-1.293e-10, -6.957e-11, 1.367e-08",coarse
5,0.009281,3.894368,"-4.736e-10, -1.284e-10, 7.293e-09",coarse
6,0.009158,3.646267,"0.000e+00, 2.220e-25, 1.217e-08",coarse
7,0.01132,2.740252,"0.000e+00, 2.220e-25, 1.217e-08",coarse
8,0.01135,3.714922,"0.000e+00, 2.220e-25, 1.217e-08",coarse
9,0.01144,2.692616,"0.000e+00, 2.220e-25, 1.217e-08",coarse
10,0.0115,2.279332,"0.000e+00, 2.220e-25, 1.217e-08",coarse
11,0.0116,1.636788,"0.000e+00, 2.220e-25, 1.217e-08",coarse
12,0.01161,1.800365,"0.000e+00, 2.220e-25, 1.217e-08",coarse
13,0.01163,1.889423,"0.000e+00, 2.220e-25, 1.217e-08",coarse
14,0.01163,1.290657,"0.000e+00, 2.220e-25, 1.217e-08",coarse
15,0.01164,1.257823,"0.000e+00, 2.220e-25, 1.217e-08",coarse
16,1.574,12.999633,"6.662e-11, -2.005e-09, 4.503e-09",refined
17,0.07239,21.272679,"-3.948e-11, -1.943e-10, 1.224e-08",refined
18,0.008163,26.482779,"2.086e-10, -2.964e-11, 1.417e-08",refined
19,0.0003248,23.968623,"-1.119e-10, 2.344e-10, 1.412e-08",refined
20,1.432e-05,15.606161,"-7.982e-11, -8.540e-10, 1.571e-08",refined
21,8.707e-07,5.712666,"-7.982e-11, -8.540e-10, 1.571e-08",refined
