x_Ge_fraction,VBO_eV,CBO_eV,VBO_linear_ref_eV,CBO_linear_ref_eV,VBO_bowing_meV,CBO_bowing_meV
0.0,0.0,0.0,0.0,0.0,0.0,0.0
0.05,0.009175,0.027031,0.0106181875,0.030795125,-1.4431874999999983,-3.764125
0.1,0.018543,0.054562,0.021236375,0.06159025,-2.693374999999998,-7.02825
0.15,0.028102,0.082598,0.031854562499999996,0.09238537499999999,-3.752562499999997,-9.787374999999987
0.2,0.037855,0.111133,0.04247275,0.1231805,-4.6177499999999965,-12.047500000000003
0.25,0.0478,0.140172,0.05309093749999999,0.15397562499999998,-5.2909374999999885,-13.803624999999986
0.3,0.057937,0.169713,0.06370912499999999,0.18477074999999998,-5.772124999999989,-15.05774999999998
0.35,0.068267,0.199754,0.07432731249999998,0.21556587499999996,-6.060312499999984,-15.811874999999976
0.4,0.078789,0.230298,0.0849455,0.246361,-6.156499999999995,-16.062999999999995
0.45,0.089503,0.261345,0.09556368749999998,0.277156125,-6.060687499999981,-15.811124999999981
0.5,0.10041,0.292893,0.10618187499999998,0.30795124999999995,-5.771874999999982,-15.05824999999994
0.55,0.111509,0.324942,0.1168000625,0.338746375,-5.291062499999999,-13.804374999999979
0.6,0.1228,0.357495,0.12741824999999998,0.36954149999999997,-4.618249999999977,-12.04649999999996
0.65,0.134284,0.390549,0.13803643749999997,0.40033662499999995,-3.752437499999983,-9.787624999999966
0.7,0.145961,0.424104,0.14865462499999996,0.4311317499999999,-2.6936249999999493,-7.027749999999944
0.75,0.15783,0.458162,0.15927281249999997,0.46192687499999996,-1.4428124999999736,-3.7648749999999453
0.8,0.169891,0.492722,0.169891,0.492722,0.0,0.0
