dim,tag,name
2,170,substrate_bottom
2,171,substrate_side
2,173,SiGe_barrier_bottom
2,174,SiGe_barrier_side
2,176,Ge_well_bottom
2,177,Ge_well_side
2,179,SiGe_cap_bottom
2,180,SiGe_cap_side
2,182,oxide_bottom
2,183,oxide_side
2,184,oxide_top
2,187,Ge_well_bottom.dot-region
2,188,SiGe_cap.dot_region_top
2,189,Ge_well.dot_region_side
2,190,SiGe_cap.dot_region_side
2,192,SiGe_barrier.dot_region_side
2,193,SiGe_cap_bottom.dot-region
2,195,SiGe_barrier.dot_region_bottom
2,196,BC
2,197,BR
2,198,BL
2,199,P2
2,200,P1
3,172,substrate
3,175,SiGe_barrier
3,178,Ge_well
3,181,SiGe_cap
3,185,oxide
3,186,Ge_well.dot_region
3,191,SiGe_barrier.dot_region
3,194,SiGe_cap.dot_region
