iter,max_abs_error_V,time_s,max_err_coords_m
1,2.64,5.891223,"-2.500e-09, 0.000e+00, 5.000e-09"
2,0.42,2.025925,"7.939e-10, -1.920e-10, 1.500e-08"
3,0.1787,1.860646,"9.287e-11, -6.023e-10, 1.578e-08"
4,0.05941,1.783429,"-6.192e-10, -1.149e-10, 1.585e-08"
5,0.03388,1.579347,"4.967e-10, 4.934e-10, 1.573e-08"
6,0.03171,1.63176,"-8.873e-10, -3.678e-11, 5.000e-09"
7,0.03704,1.609233,"-5.710e-10, 5.805e-10, 5.000e-09"
8,0.03417,1.607014,"-5.730e-11, 4.259e-10, 5.000e-09"
9,0.05087,1.178296,"-5.730e-11, 4.259e-10, 5.000e-09"
10,0.03096,1.415608,"-5.730e-11, 4.259e-10, 5.000e-09"
11,0.01417,1.092676,"-2.796e-10, -8.827e-12, 5.000e-09"
12,0.006238,1.235457,"-2.796e-10, -8.827e-12, 5.000e-09"
13,0.0027,1.142461,"-2.796e-10, -8.827e-12, 5.000e-09"
14,0.001161,1.068093,"-2.796e-10, -8.827e-12, 5.000e-09"
15,0.000498,1.281386,"-2.796e-10, -8.827e-12, 5.000e-09"
16,0.0002134,0.904355,"-2.796e-10, -8.827e-12, 5.000e-09"
17,9.136e-05,0.849463,"-2.796e-10, -8.827e-12, 5.000e-09"
18,3.908e-05,0.983574,"-2.796e-10, -8.827e-12, 5.000e-09"
19,1.675e-05,0.738953,"-2.796e-10, -8.827e-12, 5.000e-09"
20,7.141e-06,0.579922,"-2.796e-10, -8.827e-12, 5.000e-09"
21,1.295,34.48966,"1.941e-10, 2.123e-09, 1.549e-08"
22,0.2857,23.73206,"-4.360e-11, 4.746e-10, 4.491e-09"
23,0.05063,21.237598,"-2.184e-10, 5.689e-10, 5.000e-09"
24,0.002105,10.799701,"-1.315e-09, 4.377e-10, 5.000e-09"
25,1.755e-05,17.431892,"9.281e-10, 2.575e-10, 3.981e-09"
26,2.576e-07,6.480469,"7.957e-10, -6.407e-10, 1.608e-08"
